title,count,match_type,matched_code,matched_title
mover,250534,exact_or_alias,49-9044.00,Millwrights
domestic cleaner,153618,exact_or_alias,37-2012.00,Maids and Housekeeping Cleaners
building construction worker,99083,exact_or_alias,47-2061.00,Construction Laborers
shelf filler,88107,exact_or_alias,53-7065.00,Stockers and Order Fillers
kitchen porter,82811,fuzzy,35-2021.00,Food Preparation Workers
sales assistant,78533,exact_or_alias,41-2011.00,Cashiers
metal sawing machine operator,57000,fuzzy,51-4031.00,"Cutting, Punching, and Press Machine Setters, Operators, and Tenders, Metal and Plastic"
home care aide,40159,exact_or_alias,31-1121.00,Home Health Aides
factory hand,40035,exact_or_alias,51-9198.00,Helpers--Production Workers
food production operator,39929,fuzzy,51-2092.00,Team Assemblers
garden labourer,39695,fuzzy,37-3011.00,Landscaping and Groundskeeping Workers
management assistant,38969,exact_or_alias,43-6011.00,Executive Secretaries and Executive Administrative Assistants
call centre agent,37783,fuzzy,41-9041.00,Telemarketers
wood caulker,37580,exact_or_alias,51-9199.00,"Production Workers, All Other"
office clerk,37276,exact_or_alias,43-9022.00,Word Processors and Typists
cargo vehicle driver,32543,fuzzy,53-3033.00,Light Truck Drivers
compression moulding machine operator,30580,fuzzy,51-4072.00,"Molding, Coremaking, and Casting Machine Setters, Operators, and Tenders, Metal and Plastic"
postman/postwoman,28313,exact_or_alias,43-5052.00,Postal Service Mail Carriers
vehicle maintenance attendant,27700,unmatched_after_fuzzy,,
kitchen assistant,27657,exact_or_alias,35-2021.00,Food Preparation Workers
cook,27494,exact_or_alias,35-1011.00,Chefs and Head Cooks
healthcare assistant,23159,fuzzy,31-1121.00,Home Health Aides
building cleaner,22054,fuzzy,53-7061.00,Cleaners of Vehicles and Equipment
bricklayer,21575,exact_or_alias,47-2021.00,Brickmasons and Blockmasons
printed circuit board assembler,21476,exact_or_alias,51-2022.00,Electrical and Electronic Equipment Assemblers
hotel porter,20507,exact_or_alias,39-6011.00,Baggage Porters and Bellhops
house sitter,20501,exact_or_alias,39-9099.00,"Personal Care and Service Workers, All Other"
motor vehicle parts assembler,20341,fuzzy,51-2092.00,Team Assemblers
security guard,18253,exact_or_alias,33-9032.00,Security Guards
civil engineering worker,17802,fuzzy,17-2051.00,Civil Engineers
crop production worker,17510,fuzzy,51-9199.00,"Production Workers, All Other"
cashier,15695,exact_or_alias,41-2011.00,Cashiers
project manager,15209,exact_or_alias,11-9041.00,Architectural and Engineering Managers
hairdresser,14701,exact_or_alias,39-5012.00,"Hairdressers, Hairstylists, and Cosmetologists"
taxi driver,14604,exact_or_alias,53-3054.00,Taxi Drivers
social worker,14284,exact_or_alias,21-1021.00,"Child, Family, and School Social Workers"
commercial sales representative,13026,fuzzy,41-9099.00,"Sales and Related Workers, All Other"
landscape gardener,13001,exact_or_alias,37-3011.00,Landscaping and Groundskeeping Workers
bookkeeper,12870,exact_or_alias,43-3031.00,"Bookkeeping, Accounting, and Auditing Clerks"
social pedagogue,12632,unmatched_after_fuzzy,,
specialised seller,11809,unmatched_after_fuzzy,,
technical sales representative,11254,exact_or_alias,41-3091.00,"Sales Representatives of Services, Except Advertising, Insurance, Financial Services, and Travel"
assistant lecturer,11047,unmatched_after_fuzzy,,
chemistry technician,10589,exact_or_alias,19-4031.00,Chemical Technicians
chief executive officer,10520,fuzzy,11-1011.00,Chief Executives
recycling worker,10378,exact_or_alias,53-1042.01,Recycling Coordinators
plasterer,10129,exact_or_alias,47-2161.00,Plasterers and Stucco Masons
sales account manager,10044,exact_or_alias,11-2022.00,Sales Managers
secretary,9787,exact_or_alias,43-6012.00,Legal Secretaries and Administrative Assistants
domestic housekeeper,9614,fuzzy,37-2012.00,Maids and Housekeeping Cleaners
specialist nurse,9589,fuzzy,29-1141.00,Registered Nurses
cabinet maker,9441,exact_or_alias,47-2031.00,Carpenters
doorman/doorwoman,9403,unmatched_after_fuzzy,,
industrial machinery mechanic,9057,exact_or_alias,49-9041.00,Industrial Machinery Mechanics
structural ironworker,8746,exact_or_alias,47-2171.00,Reinforcing Iron and Rebar Workers
sales support assistant,8428,fuzzy,41-2031.00,Retail Salespersons
product quality controller,8296,exact_or_alias,19-4099.01,Quality Control Analysts
bakery specialised seller,8108,unmatched_after_fuzzy,,
raw materials warehouse specialist,8040,unmatched_after_fuzzy,,
welder,7836,exact_or_alias,51-4121.00,"Welders, Cutters, Solderers, and Brazers"
gaming inspector,7586,exact_or_alias,33-9031.00,Gambling Surveillance Officers and Gambling Investigators
vehicle cleaner,7564,unmatched_after_fuzzy,,
inventory coordinator,7538,exact_or_alias,43-5061.00,"Production, Planning, and Expediting Clerks"
office manager,7467,exact_or_alias,11-1021.00,General and Operations Managers
department manager,7058,exact_or_alias,11-1021.00,General and Operations Managers
dental chairside assistant,7004,exact_or_alias,31-9091.00,Dental Assistants
street food vendor,6560,fuzzy,41-9091.00,"Door-to-Door Sales Workers, News and Street Vendors, and Related Workers"
private chauffeur,6462,exact_or_alias,53-3053.00,Shuttle Drivers and Chauffeurs
human resources assistant,6384,exact_or_alias,13-1071.00,Human Resources Specialists
contact centre supervisor,6174,unmatched_after_fuzzy,,
construction scaffolder,6044,exact_or_alias,47-2031.00,Carpenters
higher education lecturer,5842,unmatched_after_fuzzy,,
sewing machinist,5771,exact_or_alias,51-6031.00,Sewing Machine Operators
membership manager,5709,fuzzy,11-2022.00,Sales Managers
doctors' surgery assistant,5504,fuzzy,29-9093.00,Surgical Assistants
sales manager,5345,exact_or_alias,11-2022.00,Sales Managers
human resources manager,5330,fuzzy,11-3121.00,Human Resources Managers
carpenter,5219,exact_or_alias,47-2031.00,Carpenters
bank teller,5060,exact_or_alias,43-3071.00,Tellers
mixed farmer,4951,unmatched_after_fuzzy,,
baker,4921,exact_or_alias,35-1011.00,Chefs and Head Cooks
move coordinator,4730,exact_or_alias,53-1043.00,First-Line Supervisors of Material-Moving Machine and Vehicle Operators
child care worker,4600,exact_or_alias,39-9011.00,Childcare Workers
tile fitter,4455,exact_or_alias,47-2042.00,"Floor Layers, Except Carpet, Wood, and Hard Tiles"
technical communicator,4371,exact_or_alias,27-3042.00,Technical Writers
software developer,4344,exact_or_alias,15-1252.00,Software Developers
business analyst,4143,exact_or_alias,13-1111.00,Management Analysts
foster care support worker,4104,fuzzy,21-1021.00,"Child, Family, and School Social Workers"
secondary school teacher,4039,exact_or_alias,25-2031.00,"Secondary School Teachers, Except Special and Career/Technical Education"
heating technician,4035,exact_or_alias,17-3029.00,"Engineering Technologists and Technicians, Except Drafters, All Other"
road construction worker,4010,fuzzy,37-3019.00,"Grounds Maintenance Workers, All Other"
administrative assistant,3984,exact_or_alias,13-1199.00,"Business Operations Specialists, All Other"
product manager,3978,exact_or_alias,11-2021.00,Marketing Managers
financial planner,3945,exact_or_alias,13-2052.00,Personal Financial Advisors
accountant,3936,exact_or_alias,13-2011.00,Accountants and Auditors
construction manager,3913,exact_or_alias,11-9021.00,Construction Managers
aesthetician,3847,exact_or_alias,39-5094.00,Skincare Specialists
motor vehicles specialised seller,3777,unmatched_after_fuzzy,,
building caretaker,3666,fuzzy,47-2031.00,Carpenters
telephone switchboard operator,3652,fuzzy,43-2011.00,"Switchboard Operators, Including Answering Service"
concrete finisher,3645,exact_or_alias,47-2051.00,Cement Masons and Concrete Finishers
data entry clerk,3595,exact_or_alias,43-9021.00,Data Entry Keyers
foundry operative,3581,unmatched_after_fuzzy,,
flower and garden specialised seller,3577,unmatched_after_fuzzy,,
primary school teacher,3526,exact_or_alias,25-2021.00,"Elementary School Teachers, Except Special Education"
laundromat attendant,3452,fuzzy,51-6011.00,Laundry and Dry-Cleaning Workers
textile specialised seller,3436,unmatched_after_fuzzy,,
head chef,3429,exact_or_alias,35-1011.00,Chefs and Head Cooks
quality engineering technician,3417,fuzzy,17-3026.00,Industrial Engineering Technologists and Technicians
social work assistant,3356,exact_or_alias,21-1093.00,Social and Human Service Assistants
business consultant,3327,exact_or_alias,13-1111.00,Management Analysts
vocational teacher,3314,exact_or_alias,25-2023.00,"Career/Technical Education Teachers, Middle School"
vehicle technician,3294,fuzzy,17-3023.00,Electrical and Electronic Engineering Technologists and Technicians
meat and meat products specialised seller,3224,unmatched_after_fuzzy,,
groom,3145,fuzzy,39-2021.00,Animal Caretakers
employment agent,3073,fuzzy,11-3121.00,Human Resources Managers
butcher,3059,exact_or_alias,51-3021.00,Butchers and Meat Cutters
purchaser,2960,exact_or_alias,13-1022.00,"Wholesale and Retail Buyers, Except Farm Products"
tax clerk,2958,exact_or_alias,43-3021.00,Billing and Posting Clerks
early years teaching assistant,2936,unmatched_after_fuzzy,,
event manager,2892,exact_or_alias,13-1121.00,"Meeting, Convention, and Event Planners"
roofer,2887,exact_or_alias,47-2031.00,Carpenters
logistics and distribution manager,2859,exact_or_alias,11-3071.00,"Transportation, Storage, and Distribution Managers"
actor/actress,2854,unmatched_after_fuzzy,,
pharmacy assistant,2803,exact_or_alias,31-9095.00,Pharmacy Aides
legal consultant,2792,exact_or_alias,23-1011.00,Lawyers
quality engineer,2762,exact_or_alias,15-1253.00,Software Quality Assurance Analysts and Testers
food service worker,2732,exact_or_alias,35-2012.00,"Cooks, Institution and Cafeteria"
advertising manager,2722,exact_or_alias,11-2011.00,Advertising and Promotions Managers
nurse assistant,2704,exact_or_alias,31-1131.00,Nursing Assistants
fitness instructor,2606,exact_or_alias,25-1193.00,"Recreation and Fitness Studies Teachers, Postsecondary"
online marketer,2527,unmatched_after_fuzzy,,
metal drawing machine operator,2523,fuzzy,51-4193.00,"Plating Machine Setters, Operators, and Tenders, Metal and Plastic"
residential home adult care worker,2515,unmatched_after_fuzzy,,
hotel butler,2464,unmatched_after_fuzzy,,
laundry worker,2458,exact_or_alias,51-6011.00,Laundry and Dry-Cleaning Workers
restaurant manager,2450,exact_or_alias,11-9051.00,Food Service Managers
lieutenant,2404,exact_or_alias,33-1012.00,First-Line Supervisors of Police and Detectives
legal administrative assistant,2398,fuzzy,43-6013.00,Medical Secretaries and Administrative Assistants
bartender,2353,exact_or_alias,35-3011.00,Bartenders
interpreter,2312,exact_or_alias,27-3091.00,Interpreters and Translators
gaming dealer,2304,exact_or_alias,39-3011.00,Gambling Dealers
medical administrative assistant,2296,exact_or_alias,43-6013.00,Medical Secretaries and Administrative Assistants
land-based machinery operator,2224,fuzzy,51-9199.00,"Production Workers, All Other"
architect,2207,exact_or_alias,17-1011.00,"Architects, Except Landscape and Naval"
industrial production manager,2197,exact_or_alias,11-3051.00,Industrial Production Managers
machine operator supervisor,2158,exact_or_alias,51-1011.00,First-Line Supervisors of Production and Operating Workers
domestic electrician,2140,unmatched_after_fuzzy,,
branch manager,2114,exact_or_alias,11-3031.00,Financial Managers
language school teacher,2052,fuzzy,25-2021.00,"Elementary School Teachers, Except Special Education"
ICT project manager,2050,fuzzy,15-1299.09,Information Technology Project Managers
transport equipment painter,1978,fuzzy,51-9124.00,"Coating, Painting, and Spraying Machine Setters, Operators, and Tenders"
disability support worker,1969,fuzzy,21-1021.00,"Child, Family, and School Social Workers"
ICT account manager,1964,fuzzy,11-3021.00,Computer and Information Systems Managers
freight transport dispatcher,1944,unmatched_after_fuzzy,,
eBusiness manager,1923,fuzzy,11-1021.00,General and Operations Managers
resilient floor layer,1921,unmatched_after_fuzzy,,
mechanical engineer,1875,exact_or_alias,17-2141.00,Mechanical Engineers
tool and die maker,1847,exact_or_alias,51-4111.00,Tool and Die Makers
design engineer,1806,exact_or_alias,17-2011.00,Aerospace Engineers
destination manager,1805,fuzzy,11-3071.00,"Transportation, Storage, and Distribution Managers"
psychologist,1787,exact_or_alias,19-3032.00,Industrial-Organizational Psychologists
forest worker,1781,exact_or_alias,45-4011.00,Forest and Conservation Workers
financial manager,1748,exact_or_alias,11-3031.00,Financial Managers
human resources officer,1743,exact_or_alias,13-1071.00,Human Resources Specialists
laundry and dry cleaning manager,1743,fuzzy,51-6011.00,Laundry and Dry-Cleaning Workers
green ICT consultant,1739,fuzzy,13-1199.05,Sustainability Specialists
city councillor,1733,unmatched_after_fuzzy,,
production plant crane operator,1707,fuzzy,51-2099.00,"Assemblers and Fabricators, All Other"
mechatronics assembler,1702,fuzzy,51-2022.00,Electrical and Electronic Equipment Assemblers
educational researcher,1679,fuzzy,25-1081.00,"Education Teachers, Postsecondary"
advertising specialist,1638,exact_or_alias,27-3043.00,Writers and Authors
lawyer,1636,exact_or_alias,23-1011.00,Lawyers
tree surgeon,1615,exact_or_alias,37-3013.00,Tree Trimmers and Pruners
pastry maker,1611,fuzzy,51-3011.00,Bakers
research engineer,1601,exact_or_alias,15-1221.00,Computer and Information Research Scientists
construction painter,1587,exact_or_alias,47-2141.00,"Painters, Construction and Maintenance"
physiotherapist,1583,exact_or_alias,29-1123.00,Physical Therapists
real estate agent,1582,exact_or_alias,41-9022.00,Real Estate Sales Agents
operations manager,1566,exact_or_alias,11-1021.00,General and Operations Managers
power tool repair technician,1555,exact_or_alias,49-2092.00,"Electric Motor, Power Tool, and Related Repairers"
household appliances repair technician,1551,fuzzy,49-9031.00,Home Appliance Repairers
fitter and turner,1529,unmatched_after_fuzzy,,
telecommunications technician,1526,exact_or_alias,49-2022.00,"Telecommunications Equipment Installers and Repairers, Except Line Installers"
massage therapist,1525,exact_or_alias,31-9011.00,Massage Therapists
lacquer maker,1525,exact_or_alias,51-9021.00,"Crushing, Grinding, and Polishing Machine Setters, Operators, and Tenders"
accounting assistant,1519,exact_or_alias,43-3021.00,Billing and Posting Clerks
plate glass installer,1513,exact_or_alias,47-2121.00,Glaziers
amusement and recreation attendant,1510,fuzzy,39-3091.00,Amusement and Recreation Attendants
sales engineer,1496,exact_or_alias,41-4011.00,"Sales Representatives, Wholesale and Manufacturing, Technical and Scientific Products"
assistant video and motion picture director,1495,unmatched_after_fuzzy,,
electrical engineer,1483,exact_or_alias,17-2071.00,Electrical Engineers
quality services manager,1472,fuzzy,11-3013.01,Security Managers
extra,1444,exact_or_alias,27-2011.00,Actors
education policy officer,1435,unmatched_after_fuzzy,,
dental technician,1430,fuzzy,15-2099.01,Bioinformatics Technicians
dairy processing operator,1418,fuzzy,51-9012.00,"Separating, Filtering, Clarifying, Precipitating, and Still Machine Setters, Operators, and Tenders"
ICT application developer,1410,fuzzy,15-1252.00,Software Developers
ticket issuing clerk,1403,fuzzy,43-4181.00,Reservation and Transportation Ticket Agents and Travel Clerks
accommodation manager,1387,fuzzy,11-9081.00,Lodging Managers
web content manager,1355,exact_or_alias,15-1299.01,Web Administrators
healthcare institution manager,1334,unmatched_after_fuzzy,,
civil drafter,1323,exact_or_alias,17-3011.00,Architectural and Civil Drafters
journalist,1319,exact_or_alias,27-3023.00,"News Analysts, Reporters, and Journalists"
web designer,1318,exact_or_alias,15-1255.00,Web and Digital Interface Designers
cosmetics and perfume specialised seller,1315,unmatched_after_fuzzy,,
clothing cutter,1311,exact_or_alias,51-6052.00,"Tailors, Dressmakers, and Custom Sewers"
computer scientist,1268,exact_or_alias,15-1221.00,Computer and Information Research Scientists
purchasing manager,1266,exact_or_alias,11-3061.00,Purchasing Managers
general practitioner,1258,exact_or_alias,29-1215.00,Family Medicine Physicians
commissioning engineer,1246,unmatched_after_fuzzy,,
promotions demonstrator,1242,unmatched_after_fuzzy,,
property acquisitions manager,1226,fuzzy,11-3013.00,Facilities Managers
footwear stitching machine operator,1226,fuzzy,51-5113.00,Print Binding and Finishing Workers
ICT system developer,1220,fuzzy,15-1299.08,Computer Systems Engineers/Architects
cylinder filler,1192,exact_or_alias,51-9111.00,Packaging and Filling Machine Operators and Tenders
fuel station specialised seller,1189,unmatched_after_fuzzy,,
ICT system administrator,1184,fuzzy,15-1244.00,Network and Computer Systems Administrators
payroll clerk,1181,exact_or_alias,43-3051.00,Payroll and Timekeeping Clerks
tourist guide,1179,exact_or_alias,39-7011.00,Tour Guides and Escorts
art director,1150,exact_or_alias,27-1011.00,Art Directors
solderer,1146,exact_or_alias,51-4121.00,"Welders, Cutters, Solderers, and Brazers"
medical sales representative,1145,exact_or_alias,41-4011.00,"Sales Representatives, Wholesale and Manufacturing, Technical and Scientific Products"
paramedic in emergency responses,1137,unmatched_after_fuzzy,,
video and motion picture producer,1125,unmatched_after_fuzzy,,
civil engineer,1113,exact_or_alias,17-2051.00,Civil Engineers
clothing alteration machinist,1102,unmatched_after_fuzzy,,
furniture specialised seller,1083,unmatched_after_fuzzy,,
manicurist,1070,exact_or_alias,39-5092.00,Manicurists and Pedicurists
chemical processing supervisor,1069,exact_or_alias,51-1011.00,First-Line Supervisors of Production and Operating Workers
photographer,1062,exact_or_alias,27-4021.00,Photographers
real estate manager,1059,exact_or_alias,11-9141.00,"Property, Real Estate, and Community Association Managers"
loan officer,1058,exact_or_alias,13-2072.00,Loan Officers
public relations manager,1057,fuzzy,11-2032.00,Public Relations Managers
checkout supervisor,1034,fuzzy,11-2021.00,Marketing Managers
occupational therapist,1032,fuzzy,29-1122.00,Occupational Therapists
digital media designer,1030,exact_or_alias,27-1014.00,Special Effects Artists and Animators
nanny,1020,exact_or_alias,39-9011.01,Nannies
door to door seller,1013,fuzzy,41-9091.00,"Door-to-Door Sales Workers, News and Street Vendors, and Related Workers"
specialised doctor,1000,unmatched_after_fuzzy,,
radio technician,999,exact_or_alias,27-4012.00,Broadcast Technicians
community social worker,997,unmatched_after_fuzzy,,
biologist,951,exact_or_alias,19-1029.00,"Biological Scientists, All Other"
live chat operator,945,fuzzy,51-6062.00,"Textile Cutting Machine Setters, Operators, and Tenders"
costume attendant,932,exact_or_alias,39-3092.00,Costume Attendants
business manager,926,exact_or_alias,11-1021.00,General and Operations Managers
maintenance and repair engineer,919,fuzzy,49-9099.00,"Installation, Maintenance, and Repair Workers, All Other"
product and services manager,911,unmatched_after_fuzzy,,
community health worker,910,fuzzy,21-1094.00,Community Health Workers
corporate trainer,904,exact_or_alias,13-1151.00,Training and Development Specialists
rail layer,902,fuzzy,53-7121.00,"Tank Car, Truck, and Ship Loaders"
professional athlete,895,exact_or_alias,27-2021.00,Athletes and Sports Competitors
shoe and leather accessories specialised seller,892,unmatched_after_fuzzy,,
ground steward/ground stewardess,881,unmatched_after_fuzzy,,
camping ground manager,877,fuzzy,11-9081.00,Lodging Managers
producer,877,exact_or_alias,27-2012.00,Producers and Directors
building materials specialised seller,876,unmatched_after_fuzzy,,
interior planner,870,fuzzy,47-2031.00,Carpenters
usher,856,exact_or_alias,39-3031.00,"Ushers, Lobby Attendants, and Ticket Takers"
aftersales service manager,854,fuzzy,11-9171.00,Funeral Home Managers
agronomic crop production team leader,852,unmatched_after_fuzzy,,
chef,844,exact_or_alias,35-1011.00,Chefs and Head Cooks
chief information officer,837,fuzzy,11-1011.00,Chief Executives
special educational needs teacher,834,fuzzy,25-2051.00,"Special Education Teachers, Preschool"
activity leader,833,exact_or_alias,39-9032.00,Recreation Workers
industrial quality manager,832,unmatched_after_fuzzy,,
business economics researcher,828,unmatched_after_fuzzy,,
road marker,821,fuzzy,47-4051.00,Highway Maintenance Workers
prepress technician,810,exact_or_alias,51-5111.00,Prepress Technicians and Workers
audio and video equipment specialised seller,810,unmatched_after_fuzzy,,
livestock worker,809,fuzzy,45-2093.00,"Farmworkers, Farm, Ranch, and Aquacultural Animals"
learning support teacher,803,exact_or_alias,25-2051.00,"Special Education Teachers, Preschool"
industrial maintenance supervisor,803,fuzzy,45-1011.00,"First-Line Supervisors of Farming, Fishing, and Forestry Workers"
optician,800,exact_or_alias,29-2081.00,"Opticians, Dispensing"
flight attendant,799,exact_or_alias,53-2031.00,Flight Attendants
psychotherapist,791,exact_or_alias,19-3033.00,Clinical and Counseling Psychologists
pharmacist,790,exact_or_alias,29-1051.00,Pharmacists
electromechanical engineering technician,789,fuzzy,17-3023.00,Electrical and Electronic Engineering Technologists and Technicians
insurance broker,784,exact_or_alias,41-3021.00,Insurance Sales Agents
wearing apparel presser,783,fuzzy,51-9198.00,Helpers--Production Workers
bicycle assembler,782,exact_or_alias,49-3091.00,Bicycle Repairers
concrete products machine operator,781,unmatched_after_fuzzy,,
cattle breeder,779,fuzzy,45-2093.00,"Farmworkers, Farm, Ranch, and Aquacultural Animals"
industrial electrician,778,exact_or_alias,47-2111.00,Electricians
sports coach,775,unmatched_after_fuzzy,,
call centre manager,764,fuzzy,11-9199.00,"Managers, All Other"
civil engineering technician,762,exact_or_alias,17-3022.00,Civil Engineering Technologists and Technicians
coating machine operator,748,exact_or_alias,51-4193.00,"Plating Machine Setters, Operators, and Tenders, Metal and Plastic"
industrial designer,744,exact_or_alias,27-1021.00,Commercial and Industrial Designers
industrial engineer,728,exact_or_alias,17-2112.00,Industrial Engineers
music teacher,725,exact_or_alias,25-2021.00,"Elementary School Teachers, Except Special Education"
roofing supervisor,717,exact_or_alias,47-1011.00,First-Line Supervisors of Construction Trades and Extraction Workers
garage manager,716,exact_or_alias,49-1011.00,"First-Line Supervisors of Mechanics, Installers, and Repairers"
advertising copywriter,712,exact_or_alias,27-3043.00,Writers and Authors
mining assistant,712,fuzzy,31-1131.00,Nursing Assistants
costume buyer,699,unmatched_after_fuzzy,,
supply chain manager,683,exact_or_alias,11-3071.04,Supply Chain Managers
blacksmith,682,exact_or_alias,27-1013.00,"Fine Artists, Including Painters, Sculptors, and Illustrators"
investment adviser,671,fuzzy,13-2052.00,Personal Financial Advisors
financial broker,663,unmatched_after_fuzzy,,
motor vehicle assembly supervisor,657,exact_or_alias,51-1011.00,First-Line Supervisors of Production and Operating Workers
personal trainer,655,exact_or_alias,29-9091.00,Athletic Trainers
biotechnical technician,647,fuzzy,19-4043.00,"Geological Technicians, Except Hydrologic Technicians"
corporate banking adviser,641,fuzzy,13-2072.00,Loan Officers
property assistant,640,fuzzy,43-6011.00,Executive Secretaries and Executive Administrative Assistants
chemist,635,exact_or_alias,19-1021.00,Biochemists and Biophysicists
sales processor,630,fuzzy,43-5053.00,"Postal Service Mail Sorters, Processors, and Processing Machine Operators"
editorial assistant,628,exact_or_alias,43-9081.00,Proofreaders and Copy Markers
solar energy technician,627,exact_or_alias,47-2152.04,Solar Thermal Installers and Technicians
data scientist,617,exact_or_alias,15-2051.00,Data Scientists
insurance clerk,616,exact_or_alias,43-9041.00,Insurance Claims and Policy Processing Clerks
stonemason,609,exact_or_alias,47-2022.00,Stonemasons
club host/club hostess,607,unmatched_after_fuzzy,,
paper stationery machine operator,606,fuzzy,51-9196.00,"Paper Goods Machine Setters, Operators, and Tenders"
medical practice manager,600,exact_or_alias,11-9111.00,Medical and Health Services Managers
auditing clerk,595,exact_or_alias,43-3031.00,"Bookkeeping, Accounting, and Auditing Clerks"
dancer,591,exact_or_alias,27-2031.00,Dancers
sergeant,590,unmatched_after_fuzzy,,
brand manager,586,exact_or_alias,11-2011.00,Advertising and Promotions Managers
leisure attendant,584,fuzzy,53-7073.00,Wellhead Pumpers
court administrative officer,582,fuzzy,11-3012.00,Administrative Services Managers
road maintenance technician,574,fuzzy,47-2152.04,Solar Thermal Installers and Technicians
occupational health and safety inspector,574,fuzzy,19-5012.00,Occupational Health and Safety Technicians
fashion designer,573,exact_or_alias,27-1022.00,Fashion Designers
translator,572,exact_or_alias,27-3091.00,Interpreters and Translators
interior architect,571,exact_or_alias,17-1011.00,"Architects, Except Landscape and Naval"
industrial pharmacist,571,exact_or_alias,29-1051.00,Pharmacists
pipe welder,569,exact_or_alias,47-2152.00,"Plumbers, Pipefitters, and Steamfitters"
market research analyst,564,exact_or_alias,13-1161.00,Market Research Analysts and Marketing Specialists
nursery school head teacher,561,fuzzy,25-2011.00,"Preschool Teachers, Except Special Education"
upholsterer,558,exact_or_alias,51-6093.00,Upholsterers
civil service administrative officer,557,unmatched_after_fuzzy,,
forester,547,exact_or_alias,19-1032.00,Foresters
driving instructor,541,exact_or_alias,25-2032.00,"Career/Technical Education Teachers, Secondary School"
social security officer,538,fuzzy,33-9032.00,Security Guards
bookshop specialised seller,535,unmatched_after_fuzzy,,
singer,535,exact_or_alias,27-2042.00,Musicians and Singers
instrumentation engineering technician,533,fuzzy,17-3022.00,Civil Engineering Technologists and Technicians
gate guard,526,exact_or_alias,33-3012.00,Correctional Officers and Jailers
vineyard cellar master,521,unmatched_after_fuzzy,,
shotfirer,520,fuzzy,47-5032.00,"Explosives Workers, Ordnance Handling Experts, and Blasters"
rental service representative in cars and light motor vehicles,520,unmatched_after_fuzzy,,
cultural facilities manager,514,unmatched_after_fuzzy,,
graphic designer,514,exact_or_alias,27-1024.00,Graphic Designers
web developer,513,exact_or_alias,15-1254.00,Web Developers
kennel worker,510,exact_or_alias,39-2021.00,Animal Caretakers
police officer,506,exact_or_alias,33-3021.02,Police Identification and Records Officers
marketing consultant,502,exact_or_alias,13-1161.00,Market Research Analysts and Marketing Specialists
night auditor,500,exact_or_alias,43-4081.00,"Hotel, Motel, and Resort Desk Clerks"
surveying technician,499,exact_or_alias,17-3031.00,Surveying and Mapping Technicians
wood production supervisor,499,fuzzy,35-1012.00,First-Line Supervisors of Food Preparation and Serving Workers
scientific laboratory technician,498,fuzzy,51-9151.00,Photographic Process Workers and Processing Machine Operators
sport facility manager,496,fuzzy,11-9141.00,"Property, Real Estate, and Community Association Managers"
cemetery attendant,495,fuzzy,39-9099.00,"Personal Care and Service Workers, All Other"
hardwood floor layer,494,exact_or_alias,47-2031.00,Carpenters
furniture assembler,494,exact_or_alias,51-2092.00,Team Assemblers
receptionist,488,exact_or_alias,43-4171.00,Receptionists and Information Clerks
housing manager,484,exact_or_alias,11-9111.00,Medical and Health Services Managers
bicycle courier,482,unmatched_after_fuzzy,,
ICT test analyst,477,fuzzy,17-2011.00,Aerospace Engineers
construction painting supervisor,475,fuzzy,47-1011.00,First-Line Supervisors of Construction Trades and Extraction Workers
application engineer,474,exact_or_alias,15-1252.00,Software Developers
optical instrument repairer,474,exact_or_alias,49-9069.00,"Precision Instrument and Equipment Repairers, All Other"
bank account manager,474,fuzzy,11-2011.00,Advertising and Promotions Managers
public relations officer,473,fuzzy,21-1091.00,Health Education Specialists
electrical engineering technician,473,exact_or_alias,17-3023.00,Electrical and Electronic Engineering Technologists and Technicians
spokesperson,472,unmatched_after_fuzzy,,
rooms division manager,470,fuzzy,11-2022.00,Sales Managers
metal production supervisor,463,fuzzy,27-2012.00,Producers and Directors
horticulture production manager,458,unmatched_after_fuzzy,,
performance lighting technician,455,fuzzy,17-3027.01,Automotive Engineering Technicians
sociologist,455,exact_or_alias,19-3041.00,Sociologists
wooden furniture machine operator,453,unmatched_after_fuzzy,,
road transport division manager,452,unmatched_after_fuzzy,,
product assembly inspector,451,unmatched_after_fuzzy,,
archaeologist,450,exact_or_alias,19-3091.00,Anthropologists and Archeologists
interior designer,450,exact_or_alias,27-1025.00,Interior Designers
talent agent,450,exact_or_alias,13-1011.00,"Agents and Business Managers of Artists, Performers, and Athletes"
foreign language correspondence clerk,444,unmatched_after_fuzzy,,
swimming facility attendant,442,unmatched_after_fuzzy,,
client relations manager,442,fuzzy,11-2022.00,Sales Managers
armed forces officer,440,unmatched_after_fuzzy,,
assistant stage director,439,unmatched_after_fuzzy,,
statistician,439,exact_or_alias,15-2041.00,Statisticians
jewellery and watches specialised seller,438,unmatched_after_fuzzy,,
fire protection technician,434,fuzzy,33-2022.00,Forest Fire Inspectors and Prevention Specialists
agricultural scientist,431,fuzzy,17-2021.00,Agricultural Engineers
chemical mixer,430,exact_or_alias,51-9023.00,"Mixing and Blending Machine Setters, Operators, and Tenders"
physicist,425,exact_or_alias,19-2012.00,Physicists
technical sales representative in electronic and telecommunications equipment,424,unmatched_after_fuzzy,,
dental practitioner,420,fuzzy,29-1215.00,Family Medicine Physicians
career guidance advisor,415,fuzzy,21-1012.00,"Educational, Guidance, and Career Counselors and Advisors"
plumber,415,exact_or_alias,47-2152.00,"Plumbers, Pipefitters, and Steamfitters"
business intelligence manager,414,fuzzy,13-1071.00,Human Resources Specialists
electric power generation engineer,414,fuzzy,17-2199.03,"Energy Engineers, Except Wind and Solar"
motor vehicles parts advisor,409,unmatched_after_fuzzy,,
editor-in-chief,406,unmatched_after_fuzzy,,
musician,406,exact_or_alias,27-2042.00,Musicians and Singers
digital printer,405,fuzzy,49-9064.00,Watch and Clock Repairers
ICT network technician,401,fuzzy,15-1231.00,Computer Network Support Specialists
medical laboratory manager,397,unmatched_after_fuzzy,,
software architect,390,exact_or_alias,15-1252.00,Software Developers
visual merchandiser,388,fuzzy,27-1026.00,Merchandise Displayers and Window Trimmers
process engineer,386,exact_or_alias,17-2031.00,Bioengineers and Biomedical Engineers
dietitian,385,exact_or_alias,29-1031.00,Dietitians and Nutritionists
speech and language therapist,385,exact_or_alias,29-1127.00,Speech-Language Pathologists
financial controller,385,exact_or_alias,11-3031.01,Treasurers and Controllers
audio-visual technician,383,fuzzy,27-4011.00,Audio and Video Technicians
lottery cashier,382,unmatched_after_fuzzy,,
public speaking coach,380,fuzzy,25-1122.00,"Communications Teachers, Postsecondary"
orthopaedic supplies specialised seller,378,unmatched_after_fuzzy,,
life guard,375,exact_or_alias,33-9092.00,"Lifeguards, Ski Patrol, and Other Recreational Protective Service Workers"
emergency ambulance driver,373,unmatched_after_fuzzy,,
chemical engineer,371,exact_or_alias,17-2041.00,Chemical Engineers
funeral services director,370,fuzzy,11-9199.00,"Managers, All Other"
tanning consultant,368,fuzzy,13-1151.00,Training and Development Specialists
advertising assistant,367,exact_or_alias,41-3011.00,Advertising Sales Agents
make-up and hair designer,366,unmatched_after_fuzzy,,
sports instructor,364,exact_or_alias,39-9031.00,Exercise Trainers and Group Fitness Instructors
computer numerical control machine operator,364,fuzzy,51-9161.00,Computer Numerically Controlled Tool Operators
pest management worker,363,unmatched_after_fuzzy,,
civil enforcement officer,363,fuzzy,33-3051.00,Police and Sheriff's Patrol Officers
lift technician,358,fuzzy,49-2011.00,"Computer, Automated Teller, and Office Machine Repairers"
sewer construction worker,358,fuzzy,47-2221.00,Structural Iron and Steel Workers
manufacturing manager,356,exact_or_alias,11-3051.00,Industrial Production Managers
veterinary technician,356,fuzzy,29-2056.00,Veterinary Technologists and Technicians
financial fraud examiner,351,fuzzy,13-2061.00,Financial Examiners
clothing fashion designer,347,unmatched_after_fuzzy,,
geologist,345,exact_or_alias,19-2042.00,"Geoscientists, Except Hydrologists and Geographers"
elderly home manager,345,unmatched_after_fuzzy,,
automation engineer,342,exact_or_alias,15-1299.07,Blockchain Engineers
sign maker,342,exact_or_alias,51-2099.00,"Assemblers and Fabricators, All Other"
goldsmith,341,exact_or_alias,27-1012.00,Craft Artists
data engineer,341,exact_or_alias,15-1242.00,Database Administrators
aircraft maintenance technician,340,fuzzy,49-3011.00,Aircraft Mechanics and Service Technicians
sporting accessories specialised seller,339,unmatched_after_fuzzy,,
tourist information officer,336,fuzzy,21-1091.00,Health Education Specialists
wastewater treatment technician,336,unmatched_after_fuzzy,,
ICT vendor relationship manager,334,fuzzy,11-2022.00,Sales Managers
data centre operator,333,fuzzy,15-1299.00,"Computer Occupations, All Other"
online community manager,332,fuzzy,11-2032.00,Public Relations Managers
health safety and environmental manager,332,fuzzy,11-9199.02,Compliance Managers
metal products assembler,329,exact_or_alias,51-2041.00,Structural Metal Fabricators and Fitters
tour operator representative,326,fuzzy,43-4011.00,Brokerage Clerks
stage director,325,exact_or_alias,27-2012.00,Producers and Directors
mechanical engineering technician,323,fuzzy,17-3022.00,Civil Engineering Technologists and Technicians
research and development manager,322,fuzzy,11-9041.00,Architectural and Engineering Managers
chimney sweep,320,exact_or_alias,37-2011.00,"Janitors and Cleaners, Except Maids and Housekeeping Cleaners"
construction engineer,319,exact_or_alias,17-2051.00,Civil Engineers
import export manager,317,exact_or_alias,11-2022.00,Sales Managers
microbiologist,316,exact_or_alias,19-1022.00,Microbiologists
insulation worker,316,exact_or_alias,47-2131.00,"Insulation Workers, Floor, Ceiling, and Wall"
swimming teacher,315,exact_or_alias,27-2022.00,Coaches and Scouts
dance teacher,315,exact_or_alias,25-3021.00,Self-Enrichment Teachers
consumer goods inspector,313,fuzzy,51-9061.00,"Inspectors, Testers, Sorters, Samplers, and Weighers"
construction quality manager,309,fuzzy,11-3051.01,Quality Control Systems Managers
pricing specialist,307,exact_or_alias,13-2051.00,Financial and Investment Analysts
mechanical engineering drafter,305,fuzzy,11-9041.00,Architectural and Engineering Managers
tourism product manager,303,fuzzy,13-1011.00,"Agents and Business Managers of Artists, Performers, and Athletes"
private detective,301,exact_or_alias,33-9021.00,Private Detectives and Investigators
telecommunications engineer,301,exact_or_alias,17-2072.00,"Electronics Engineers, Except Computer"
ICT operations manager,301,fuzzy,11-1021.00,General and Operations Managers
credit manager,298,exact_or_alias,11-3031.00,Financial Managers
concrete finisher supervisor,298,fuzzy,47-1011.00,First-Line Supervisors of Construction Trades and Extraction Workers
industrial engineering technician,295,exact_or_alias,17-3026.00,Industrial Engineering Technologists and Technicians
sewerage network operative,295,unmatched_after_fuzzy,,
aircraft groomer,295,unmatched_after_fuzzy,,
political party agent,293,unmatched_after_fuzzy,,
underground heavy equipment operator,291,unmatched_after_fuzzy,,
second-hand goods specialised seller,290,unmatched_after_fuzzy,,
automotive test driver,290,unmatched_after_fuzzy,,
engine designer,289,exact_or_alias,17-2141.00,Mechanical Engineers
tax advisor,289,exact_or_alias,13-2082.00,Tax Preparers
pig breeder,289,unmatched_after_fuzzy,,
shoemaker,289,fuzzy,51-6041.00,Shoe and Leather Workers and Repairers
ICT help desk agent,287,unmatched_after_fuzzy,,
mechatronics engineering technician,286,fuzzy,17-3023.00,Electrical and Electronic Engineering Technologists and Technicians
mechatronics engineer,286,exact_or_alias,17-2199.05,Mechatronics Engineers
bus driver,284,exact_or_alias,53-3051.00,"Bus Drivers, School"
call centre supervisor,284,fuzzy,11-9199.00,"Managers, All Other"
aquaculture harvesting worker,284,unmatched_after_fuzzy,,
advertising sales agent,283,fuzzy,41-3011.00,Advertising Sales Agents
food technologist,283,exact_or_alias,19-1012.00,Food Scientists and Technologists
fundraising manager,281,exact_or_alias,11-2033.00,Fundraising Managers
market research interviewer,281,exact_or_alias,19-4061.00,Social Science Research Assistants
stage technician,279,exact_or_alias,27-3099.00,"Media and Communication Workers, All Other"
sewer construction supervisor,276,fuzzy,47-1011.00,First-Line Supervisors of Construction Trades and Extraction Workers
head waiter/head waitress,273,unmatched_after_fuzzy,,
make-up artist,273,fuzzy,39-5091.00,"Makeup Artists, Theatrical and Performance"
train cleaner,270,fuzzy,51-9012.00,"Separating, Filtering, Clarifying, Precipitating, and Still Machine Setters, Operators, and Tenders"
security alarm technician,270,unmatched_after_fuzzy,,
production engineer,269,exact_or_alias,17-2112.00,Industrial Engineers
refrigeration air condition and heat pump technician,269,unmatched_after_fuzzy,,
onshore wind energy engineer,266,fuzzy,17-2199.10,Wind Energy Engineers
database integrator,263,unmatched_after_fuzzy,,
costume designer,262,exact_or_alias,27-1022.00,Fashion Designers
advanced nurse practitioner,261,fuzzy,29-1141.04,Clinical Nurse Specialists
copy editor,259,exact_or_alias,43-9081.00,Proofreaders and Copy Markers
ICT system analyst,259,fuzzy,15-1211.00,Computer Systems Analysts
university research assistant,255,unmatched_after_fuzzy,,
librarian,255,exact_or_alias,25-4022.00,Librarians and Media Collections Specialists
construction general supervisor,255,fuzzy,47-1011.00,First-Line Supervisors of Construction Trades and Extraction Workers
electronics production supervisor,255,exact_or_alias,51-1011.00,First-Line Supervisors of Production and Operating Workers
file clerk,253,exact_or_alias,43-4071.00,File Clerks
financial auditor,252,exact_or_alias,13-2011.00,Accountants and Auditors
midwife,252,unmatched_after_fuzzy,,
farm manager,250,exact_or_alias,11-9013.00,"Farmers, Ranchers, and Other Agricultural Managers"
educational counsellor,247,fuzzy,21-1012.00,"Educational, Guidance, and Career Counselors and Advisors"
automotive engineer,246,exact_or_alias,17-2141.02,Automotive Engineers
presenter,245,exact_or_alias,39-7011.00,Tour Guides and Escorts
bindery operator,245,exact_or_alias,51-5113.00,Print Binding and Finishing Workers
compliance engineer,244,fuzzy,13-1041.00,Compliance Officers
import export specialist,243,exact_or_alias,13-1041.08,Customs Brokers
tutor,239,exact_or_alias,25-3041.00,Tutors
bank manager,239,exact_or_alias,11-3031.00,Financial Managers
travel consultant,239,exact_or_alias,39-7012.00,Travel Guides
football coach,239,exact_or_alias,27-2022.00,Coaches and Scouts
director of photography,238,unmatched_after_fuzzy,,
arts education officer,235,unmatched_after_fuzzy,,
biochemist,235,exact_or_alias,19-1021.00,Biochemists and Biophysicists
shepherd,234,exact_or_alias,45-2093.00,"Farmworkers, Farm, Ranch, and Aquacultural Animals"
special educational needs coordinator,234,fuzzy,25-9031.00,Instructional Coordinators
healthcare inspector,232,fuzzy,13-1041.01,Environmental Compliance Inspectors
artistic painter,231,unmatched_after_fuzzy,,
health and safety engineer,231,exact_or_alias,17-2111.00,"Health and Safety Engineers, Except Mining Safety Engineers and Inspectors"
port coordinator,230,fuzzy,11-3071.00,"Transportation, Storage, and Distribution Managers"
medical records clerk,229,exact_or_alias,29-2072.00,Medical Records Specialists
sport therapist,228,fuzzy,19-3039.00,"Psychologists, All Other"
general veterinarian,227,unmatched_after_fuzzy,,
3D modeller,227,fuzzy,27-1014.00,Special Effects Artists and Animators
fermenter operator,227,exact_or_alias,51-9011.00,Chemical Equipment Operators and Tenders
carpenter supervisor,227,exact_or_alias,47-1011.00,First-Line Supervisors of Construction Trades and Extraction Workers
cybersecurity risk manager,226,fuzzy,13-1199.07,Security Management Specialists
dietetic technician,225,fuzzy,29-2051.00,Dietetic Technicians
meter reader,220,exact_or_alias,43-5041.00,"Meter Readers, Utilities"
domestic energy assessor,219,unmatched_after_fuzzy,,
insurance rating analyst,218,fuzzy,13-2053.00,Insurance Underwriters
education programme coordinator,217,fuzzy,25-9031.00,Instructional Coordinators
employment support worker,217,unmatched_after_fuzzy,,
communication manager,217,fuzzy,11-2011.00,Advertising and Promotions Managers
spa attendant,216,exact_or_alias,39-3093.00,"Locker Room, Coatroom, and Dressing Room Attendants"
chief ICT security officer,212,fuzzy,11-3013.01,Security Managers
advertising media planner,210,unmatched_after_fuzzy,,
zookeeper,210,exact_or_alias,39-2021.00,Animal Caretakers
broadcast technician,210,exact_or_alias,27-4012.00,Broadcast Technicians
historian,209,exact_or_alias,19-3093.00,Historians
prop master/prop mistress,209,unmatched_after_fuzzy,,
labour market policy officer,209,unmatched_after_fuzzy,,
clinical psychologist,208,exact_or_alias,19-3033.00,Clinical and Counseling Psychologists
bioinformatics scientist,206,exact_or_alias,15-2041.01,Biostatisticians
stone planer,203,exact_or_alias,51-9021.00,"Crushing, Grinding, and Polishing Machine Setters, Operators, and Tenders"
casino cashier,202,exact_or_alias,41-2012.00,Gambling Change Persons and Booth Cashiers
securities broker,201,fuzzy,41-3031.00,"Securities, Commodities, and Financial Services Sales Agents"
secondary school head teacher,200,fuzzy,25-2058.00,"Special Education Teachers, Secondary School"
political scientist,199,fuzzy,19-3094.00,Political Scientists
ICT trainer,199,unmatched_after_fuzzy,,
commercial director,196,exact_or_alias,11-2021.00,Marketing Managers
Steiner school teacher,196,fuzzy,25-2011.00,"Preschool Teachers, Except Special Education"
pet and pet food specialised seller,195,unmatched_after_fuzzy,,
geotechnician,195,exact_or_alias,19-4043.00,"Geological Technicians, Except Hydrologic Technicians"
museum scientist,194,unmatched_after_fuzzy,,
logistics analyst,194,exact_or_alias,13-1081.02,Logistics Analysts
drain technician,194,exact_or_alias,47-2152.00,"Plumbers, Pipefitters, and Steamfitters"
marketing assistant,193,fuzzy,51-3091.00,"Food and Tobacco Roasting, Baking, and Drying Machine Operators and Tenders"
communication scientist,193,fuzzy,27-3031.00,Public Relations Specialists
automotive electrician,193,fuzzy,49-2093.00,"Electrical and Electronics Installers and Repairers, Transportation Equipment"
educational psychologist,192,exact_or_alias,19-3033.00,Clinical and Counseling Psychologists
user interface designer,191,fuzzy,15-1252.00,Software Developers
environmental engineer,191,exact_or_alias,17-2081.00,Environmental Engineers
library assistant,190,exact_or_alias,25-4031.00,Library Technicians
aerospace engineer,189,exact_or_alias,17-2011.00,Aerospace Engineers
shop supervisor,188,exact_or_alias,39-1014.00,"First-Line Supervisors of Entertainment and Recreation Workers, Except Gambling Services"
ICT research manager,188,fuzzy,11-9041.00,Architectural and Engineering Managers
land surveyor,188,exact_or_alias,17-1022.00,Surveyors
demolition worker,187,exact_or_alias,47-2061.00,Construction Laborers
digital games designer,187,fuzzy,27-1014.00,Special Effects Artists and Animators
information manager,187,fuzzy,11-9199.00,"Managers, All Other"
weaving machine operator,183,fuzzy,51-9124.00,"Coating, Painting, and Spraying Machine Setters, Operators, and Tenders"
child care coordinator,183,fuzzy,11-9111.00,Medical and Health Services Managers
electron beam welder,182,fuzzy,51-4122.00,"Welding, Soldering, and Brazing Machine Setters, Operators, and Tenders"
energy consultant,182,exact_or_alias,41-4011.07,Solar Sales Representatives and Assessors
agricultural technician,180,fuzzy,19-4012.00,Agricultural Technicians
media scientist,179,fuzzy,19-1042.00,"Medical Scientists, Except Epidemiologists"
real estate surveyor,179,fuzzy,17-1022.00,Surveyors
religion scientific researcher,178,unmatched_after_fuzzy,,
investor relations manager,178,fuzzy,11-9081.00,Lodging Managers
linguist,177,exact_or_alias,19-3099.00,"Social Scientists and Related Workers, All Other"
body artist,176,unmatched_after_fuzzy,,
archivist,175,exact_or_alias,25-4011.00,Archivists
marine mechanic,175,exact_or_alias,49-3051.00,Motorboat Mechanics and Service Technicians
fruit production team leader,174,unmatched_after_fuzzy,,
refurbishing technician,174,fuzzy,49-9091.00,"Coin, Vending, and Amusement Machine Servicers and Repairers"
computer-aided design operator,174,exact_or_alias,17-3012.00,Electrical and Electronics Drafters
brew house operator,172,fuzzy,53-7065.00,Stockers and Order Fillers
"computer games, multimedia and software specialised seller",172,unmatched_after_fuzzy,,
exhibition curator,172,fuzzy,25-4012.00,Curators
coachbuilder,170,unmatched_after_fuzzy,,
pastry chef,169,exact_or_alias,35-1011.00,Chefs and Head Cooks
cable jointer,169,unmatched_after_fuzzy,,
medical device engineering technician,168,fuzzy,17-3029.00,"Engineering Technologists and Technicians, Except Drafters, All Other"
furniture finisher,167,exact_or_alias,51-7021.00,Furniture Finishers
collection manager,165,fuzzy,11-3031.00,Financial Managers
roadside vehicle technician,165,unmatched_after_fuzzy,,
metallurgical technician,165,exact_or_alias,17-3029.00,"Engineering Technologists and Technicians, Except Drafters, All Other"
smart home installer,164,fuzzy,49-2096.00,"Electronic Equipment Installers and Repairers, Motor Vehicles"
urban planner,163,exact_or_alias,19-3051.00,Urban and Regional Planners
orthopaedic footwear technician,163,fuzzy,51-9082.00,Medical Appliance Technicians
forestry equipment operator,163,exact_or_alias,45-2091.00,Agricultural Equipment Operators
minister of religion,162,unmatched_after_fuzzy,,
cloud architect,162,exact_or_alias,15-1241.00,Computer Network Architects
customer experience manager,161,exact_or_alias,43-1011.00,First-Line Supervisors of Office and Administrative Support Workers
"heating, ventilation, air conditioning engineer",161,fuzzy,17-2141.00,Mechanical Engineers
taxi controller,160,fuzzy,47-4051.00,Highway Maintenance Workers
automated cable vehicle controller,160,unmatched_after_fuzzy,,
picture editor,158,unmatched_after_fuzzy,,
food safety inspector,158,exact_or_alias,45-2011.00,Agricultural Inspectors
manufactured wooden building assembler,158,unmatched_after_fuzzy,,
regulatory affairs manager,155,fuzzy,11-9199.01,Regulatory Affairs Managers
script writer,155,exact_or_alias,27-3043.05,"Poets, Lyricists and Creative Writers"
advertising installer,154,exact_or_alias,47-2142.00,Paperhangers
data analyst,154,exact_or_alias,13-2099.01,Financial Quantitative Analysts
automotive engineering technician,154,exact_or_alias,17-3027.01,Automotive Engineering Technicians
horse trainer,153,exact_or_alias,39-2011.00,Animal Trainers
environmental technician,152,exact_or_alias,17-3025.00,Environmental Engineering Technologists and Technicians
securities underwriter,150,exact_or_alias,13-2051.00,Financial and Investment Analysts
recreation policy officer,149,unmatched_after_fuzzy,,
electrician,149,exact_or_alias,47-2111.00,Electricians
podiatrist,148,exact_or_alias,29-1081.00,Podiatrists
poultry breeder,146,exact_or_alias,45-2021.00,Animal Breeders
stock trader,145,exact_or_alias,13-1021.00,"Buyers and Purchasing Agents, Farm Products"
production supervisor,144,exact_or_alias,27-2012.00,Producers and Directors
wearing apparel patternmaker,143,fuzzy,51-6092.00,Fabric and Apparel Patternmakers
product development engineering technician,143,unmatched_after_fuzzy,,
steeplejack,143,fuzzy,47-4099.00,"Construction and Related Workers, All Other"
scenic painter,142,fuzzy,27-1013.00,"Fine Artists, Including Painters, Sculptors, and Illustrators"
mathematician,142,exact_or_alias,15-2021.00,Mathematicians
made-up textile articles manufacturer,142,unmatched_after_fuzzy,,
child care social worker,142,fuzzy,21-1021.00,"Child, Family, and School Social Workers"
aircraft marshaller,140,unmatched_after_fuzzy,,
train driver,140,fuzzy,53-4041.00,Subway and Streetcar Operators
furniture restorer,140,exact_or_alias,51-7021.00,Furniture Finishers
well-digger,139,exact_or_alias,47-5023.00,"Earth Drillers, Except Oil and Gas"
data protection officer,139,fuzzy,33-9032.00,Security Guards
medical records manager,138,exact_or_alias,11-9111.00,Medical and Health Services Managers
data warehouse designer,137,fuzzy,15-1243.01,Data Warehousing Specialists
circus artist,137,unmatched_after_fuzzy,,
business developer,136,exact_or_alias,11-2021.00,Marketing Managers
social work researcher,136,unmatched_after_fuzzy,,
telecommunications engineering technician,136,fuzzy,17-3023.00,Electrical and Electronic Engineering Technologists and Technicians
physics technician,135,fuzzy,49-2011.00,"Computer, Automated Teller, and Office Machine Repairers"
court administrator,135,fuzzy,41-3031.00,"Securities, Commodities, and Financial Services Sales Agents"
script supervisor,135,exact_or_alias,43-1011.00,First-Line Supervisors of Office and Administrative Support Workers
diesel engine mechanic,135,exact_or_alias,49-3031.00,Bus and Truck Mechanics and Diesel Engine Specialists
horse riding instructor,134,fuzzy,25-3021.00,Self-Enrichment Teachers
landscape architect,133,exact_or_alias,17-1012.00,Landscape Architects
forklift operator,131,exact_or_alias,47-2073.00,Operating Engineers and Other Construction Equipment Operators
calculation engineer,130,fuzzy,17-2072.00,"Electronics Engineers, Except Computer"
photographic developer,129,fuzzy,51-9151.00,Photographic Process Workers and Processing Machine Operators
cloud DevOps engineer,129,fuzzy,15-1252.00,Software Developers
manufacturing engineer,128,exact_or_alias,17-2112.03,Manufacturing Engineers
welding coordinator,128,fuzzy,41-9099.00,"Sales and Related Workers, All Other"
complementary therapist,127,unmatched_after_fuzzy,,
house builder,127,exact_or_alias,47-4099.00,"Construction and Related Workers, All Other"
economist,127,exact_or_alias,19-3011.00,Economists
environmental scientist,126,exact_or_alias,17-2081.00,Environmental Engineers
textile machine operator,126,exact_or_alias,51-6099.00,"Textile, Apparel, and Furnishings Workers, All Other"
art therapist,126,exact_or_alias,29-1129.01,Art Therapists
drama teacher,126,exact_or_alias,25-1121.00,"Art, Drama, and Music Teachers, Postsecondary"
transport planner,125,fuzzy,19-3099.01,Transportation Planners
medical device engineer,125,exact_or_alias,17-2199.06,Microsystems Engineers
airport baggage handler,124,unmatched_after_fuzzy,,
voice-over artist,124,exact_or_alias,27-2011.00,Actors
specialised antique dealer,124,unmatched_after_fuzzy,,
early years teacher,123,unmatched_after_fuzzy,,
ceiling installer,123,exact_or_alias,47-2081.00,Drywall and Ceiling Tile Installers
oxy fuel burning machine operator,122,fuzzy,51-9191.00,Adhesive Bonding Machine Operators and Tenders
securities analyst,122,exact_or_alias,13-2051.00,Financial and Investment Analysts
activism officer,121,unmatched_after_fuzzy,,
choreographer,121,exact_or_alias,27-2032.00,Choreographers
hospital porter,121,fuzzy,31-1132.00,Orderlies
disc jockey,120,fuzzy,27-3011.00,Broadcast Announcers and Radio Disc Jockeys
power production plant operator,119,unmatched_after_fuzzy,,
materials engineer,118,exact_or_alias,17-2131.00,Materials Engineers
engineering assistant,118,exact_or_alias,17-3022.00,Civil Engineering Technologists and Technicians
geographer,117,exact_or_alias,19-3092.00,Geographers
process officer,117,fuzzy,33-3021.02,Police Identification and Records Officers
project support officer,115,unmatched_after_fuzzy,,
shunter,115,fuzzy,45-3031.00,Fishing and Hunting Workers
building inspector,114,exact_or_alias,33-2021.00,Fire Inspectors and Investigators
water engineer,114,exact_or_alias,17-2051.02,Water/Wastewater Engineers
quantity surveyor,114,exact_or_alias,13-1051.00,Cost Estimators
steward/stewardess,114,unmatched_after_fuzzy,,
consumer electronics repair technician,114,unmatched_after_fuzzy,,
tax compliance officer,113,exact_or_alias,13-2081.00,"Tax Examiners and Collectors, and Revenue Agents"
tiling supervisor,113,fuzzy,51-1011.00,First-Line Supervisors of Production and Operating Workers
ICT auditor manager,113,unmatched_after_fuzzy,,
toys and games specialised seller,112,unmatched_after_fuzzy,,
power plant control room operator,112,exact_or_alias,51-8013.00,Power Plant Operators
motorcycle assembler,111,exact_or_alias,51-2041.00,Structural Metal Fabricators and Fitters
pensions administrator,110,fuzzy,11-3012.00,Administrative Services Managers
fashion model,110,exact_or_alias,41-9012.00,Models
special educational needs teacher secondary school,110,fuzzy,25-2058.00,"Special Education Teachers, Secondary School"
promotion manager,109,fuzzy,11-2011.00,Advertising and Promotions Managers
typist,109,exact_or_alias,43-9022.00,Word Processors and Typists
horse breeder,109,exact_or_alias,45-2021.00,Animal Breeders
dairy processing technician,109,fuzzy,47-5013.00,"Service Unit Operators, Oil and Gas"
education inspector,109,fuzzy,51-9061.00,"Inspectors, Testers, Sorters, Samplers, and Weighers"
textile quality technician,108,fuzzy,19-4031.00,Chemical Technicians
clock and watchmaker,108,fuzzy,51-4061.00,"Model Makers, Metal and Plastic"
renewable energy consultant,108,exact_or_alias,13-1199.05,Sustainability Specialists
medical laboratory technology vocational teacher,108,unmatched_after_fuzzy,,
radiation protection officer,107,fuzzy,19-4051.02,Nuclear Monitoring Technicians
agricultural equipment design engineer,106,exact_or_alias,17-2021.00,Agricultural Engineers
further education principal,105,unmatched_after_fuzzy,,
verger,104,exact_or_alias,21-2099.00,"Religious Workers, All Other"
water systems engineering technician,104,fuzzy,17-3029.00,"Engineering Technologists and Technicians, Except Drafters, All Other"
construction scaffolding supervisor,103,unmatched_after_fuzzy,,
wood technology engineer,102,fuzzy,17-2199.09,Nanosystems Engineers
investment fund manager,102,exact_or_alias,11-3031.03,Investment Fund Managers
agricultural machinery technician,102,fuzzy,17-3029.00,"Engineering Technologists and Technicians, Except Drafters, All Other"
water traffic coordinator,101,fuzzy,53-2021.00,Air Traffic Controllers
ecologist,100,exact_or_alias,19-2041.03,Industrial Ecologists
stand-up comedian,100,exact_or_alias,27-2099.00,"Entertainers and Performers, Sports and Related Workers, All Other"
dry press operator,99,exact_or_alias,51-9041.00,"Extruding, Forming, Pressing, and Compacting Machine Setters, Operators, and Tenders"
lean manager,99,fuzzy,11-9141.00,"Property, Real Estate, and Community Association Managers"
electronic equipment inspector,99,fuzzy,49-2096.00,"Electronic Equipment Installers and Repairers, Motor Vehicles"
agronomist,98,exact_or_alias,19-1013.00,Soil and Plant Scientists
clothing technologist,97,unmatched_after_fuzzy,,
industrial cook,96,exact_or_alias,51-3011.00,Bakers
helmsman,96,unmatched_after_fuzzy,,
commissioning technician,96,fuzzy,49-9081.00,Wind Turbine Service Technicians
enterprise architect,96,exact_or_alias,15-1241.00,Computer Network Architects
audiology equipment specialised seller,95,unmatched_after_fuzzy,,
distillery miller,95,exact_or_alias,51-9021.00,"Crushing, Grinding, and Polishing Machine Setters, Operators, and Tenders"
boiler operator,94,exact_or_alias,51-8021.00,Stationary Engineers and Boiler Operators
block machine operator,93,exact_or_alias,51-9199.00,"Production Workers, All Other"
waiter/waitress,93,unmatched_after_fuzzy,,
hospitality establishment receptionist,93,unmatched_after_fuzzy,,
cost analyst,92,exact_or_alias,13-1051.00,Cost Estimators
construction safety inspector,92,fuzzy,47-4011.00,Construction and Building Inspectors
ICT quality assurance manager,91,unmatched_after_fuzzy,,
pastoral worker,91,exact_or_alias,21-2099.00,"Religious Workers, All Other"
police inspector,91,exact_or_alias,13-1199.00,"Business Operations Specialists, All Other"
synthetic materials engineer,90,unmatched_after_fuzzy,,
rail project engineer,90,fuzzy,17-2051.00,Civil Engineers
volunteer mentor,89,unmatched_after_fuzzy,,
ski instructor,88,exact_or_alias,25-3021.00,Self-Enrichment Teachers
proofreader,88,exact_or_alias,43-9081.00,Proofreaders and Copy Markers
insurance agency manager,88,unmatched_after_fuzzy,,
legal guardian,88,unmatched_after_fuzzy,,
mail clerk,87,exact_or_alias,43-5051.00,Postal Service Clerks
chemical engineering technician,86,exact_or_alias,17-3029.00,"Engineering Technologists and Technicians, Except Drafters, All Other"
glass forming machine operator,85,fuzzy,51-9199.00,"Production Workers, All Other"
chemical manufacturing quality technician,85,unmatched_after_fuzzy,,
robotics engineer,84,exact_or_alias,17-2199.08,Robotics Engineers
product development engineering drafter,84,fuzzy,17-2141.00,Mechanical Engineers
fireplace installer,83,exact_or_alias,47-2021.00,Brickmasons and Blockmasons
embedded systems software developer,82,exact_or_alias,15-1252.00,Software Developers
carriage driver,81,fuzzy,43-5052.00,Postal Service Mail Carriers
textile finishing machine operator,81,fuzzy,47-2071.00,"Paving, Surfacing, and Tamping Equipment Operators"
energy manager,81,exact_or_alias,51-8013.00,Power Plant Operators
toymaker,81,fuzzy,27-1012.00,Craft Artists
personal stylist,80,unmatched_after_fuzzy,,
motor vehicle upholsterer,80,unmatched_after_fuzzy,,
numerical tool and process control programmer,80,unmatched_after_fuzzy,,
computer hardware engineer,79,exact_or_alias,17-2061.00,Computer Hardware Engineers
food analyst,79,exact_or_alias,19-4013.00,Food Science Technicians
customer contact centre information clerk,79,unmatched_after_fuzzy,,
commercial pilot,78,exact_or_alias,53-2012.00,Commercial Pilots
bulldozer operator,77,exact_or_alias,47-2073.00,Operating Engineers and Other Construction Equipment Operators
electronics drafter,76,fuzzy,17-3012.00,Electrical and Electronics Drafters
dog trainer,75,exact_or_alias,39-2011.00,Animal Trainers
textile designer,75,exact_or_alias,27-1021.00,Commercial and Industrial Designers
community development officer,74,fuzzy,21-1093.00,Social and Human Service Assistants
dramaturge,74,unmatched_after_fuzzy,,
mergers and acquisitions analyst,74,unmatched_after_fuzzy,,
rolling stock inspector,74,unmatched_after_fuzzy,,
forest ranger,74,exact_or_alias,45-4011.00,Forest and Conservation Workers
mineral processing engineer,73,unmatched_after_fuzzy,,
credit adviser,73,fuzzy,43-4041.00,"Credit Authorizers, Checkers, and Clerks"
mineral processing operator,72,fuzzy,51-9012.00,"Separating, Filtering, Clarifying, Precipitating, and Still Machine Setters, Operators, and Tenders"
ceramicist,72,fuzzy,51-9081.00,Dental Laboratory Technicians
localiser,71,unmatched_after_fuzzy,,
construction commercial diver,71,unmatched_after_fuzzy,,
mutual fund broker,71,unmatched_after_fuzzy,,
dismantling worker,70,unmatched_after_fuzzy,,
ICT buyer,70,unmatched_after_fuzzy,,
welding engineer,70,exact_or_alias,17-2131.00,Materials Engineers
fluid power technician,70,fuzzy,49-9081.00,Wind Turbine Service Technicians
drafter,70,exact_or_alias,17-3011.00,Architectural and Civil Drafters
water network operative,69,unmatched_after_fuzzy,,
prosthetic-orthotics technician,69,fuzzy,51-9082.00,Medical Appliance Technicians
health and safety inspector,69,exact_or_alias,19-5011.00,Occupational Health and Safety Specialists
aircraft cargo operations coordinator,69,unmatched_after_fuzzy,,
tourist animator,68,unmatched_after_fuzzy,,
offshore renewable energy technician,68,fuzzy,49-9081.00,Wind Turbine Service Technicians
sommelier,68,unmatched_after_fuzzy,,
insurance claims manager,67,fuzzy,43-9041.00,Insurance Claims and Policy Processing Clerks
light board operator,67,fuzzy,51-4072.00,"Molding, Coremaking, and Casting Machine Setters, Operators, and Tenders, Metal and Plastic"
baggage flow supervisor,67,unmatched_after_fuzzy,,
mental health social worker,67,exact_or_alias,21-1023.00,Mental Health and Substance Abuse Social Workers
heating and ventilation service installer,66,unmatched_after_fuzzy,,
lawyer linguist,66,unmatched_after_fuzzy,,
digital forensics expert,66,fuzzy,15-1299.06,Digital Forensics Analysts
audit supervisor,66,fuzzy,11-3031.00,Financial Managers
prison officer,66,exact_or_alias,33-3012.00,Correctional Officers and Jailers
environmental health inspector,66,exact_or_alias,19-5011.00,Occupational Health and Safety Specialists
animal trainer,66,exact_or_alias,39-2011.00,Animal Trainers
vessel steering instructor,65,unmatched_after_fuzzy,,
tanning technician,65,fuzzy,19-3051.00,Urban and Regional Planners
ICT business analysis manager,65,unmatched_after_fuzzy,,
hand packer,65,exact_or_alias,51-9195.00,"Molders, Shapers, and Casters, Except Metal and Plastic"
auxiliary nursing and midwifery vocational teacher,65,unmatched_after_fuzzy,,
aircraft dispatcher,64,exact_or_alias,43-5032.00,"Dispatchers, Except Police, Fire, and Ambulance"
optical instrument assembler,64,exact_or_alias,51-9083.00,Ophthalmic Laboratory Technicians
textile quality inspector,64,unmatched_after_fuzzy,,
debt collector,64,exact_or_alias,43-3011.00,Bill and Account Collectors
intercultural communication consultant,64,unmatched_after_fuzzy,,
mediator,64,exact_or_alias,13-1199.00,"Business Operations Specialists, All Other"
commodity broker,64,fuzzy,41-3031.00,"Securities, Commodities, and Financial Services Sales Agents"
diet cook,64,fuzzy,35-2012.00,"Cooks, Institution and Cafeteria"
delicatessen specialised seller,64,unmatched_after_fuzzy,,
artificial intelligence engineer,64,exact_or_alias,15-1221.00,Computer and Information Research Scientists
nature conservation officer,63,fuzzy,19-4071.00,Forest and Conservation Technicians
animal groomer,63,exact_or_alias,39-2021.00,Animal Caretakers
sound operator,63,fuzzy,51-9023.00,"Mixing and Blending Machine Setters, Operators, and Tenders"
industrial firefighter,62,unmatched_after_fuzzy,,
family planning counsellor,62,fuzzy,39-4031.00,"Morticians, Undertakers, and Funeral Arrangers"
set builder,62,exact_or_alias,47-2031.00,Carpenters
telecommunications equipment maintainer,61,fuzzy,49-2022.00,"Telecommunications Equipment Installers and Repairers, Except Line Installers"
boxing instructor,61,fuzzy,25-1194.00,"Career/Technical Education Teachers, Postsecondary"
strategic planning manager,61,unmatched_after_fuzzy,,
sculptor,60,exact_or_alias,27-1013.00,"Fine Artists, Including Painters, Sculptors, and Illustrators"
instrumentation engineer,60,exact_or_alias,17-2071.00,Electrical Engineers
architectural drafter,60,exact_or_alias,17-3011.00,Architectural and Civil Drafters
crane technician,60,exact_or_alias,49-3042.00,"Mobile Heavy Equipment Mechanics, Except Engines"
judge,60,exact_or_alias,23-1023.00,"Judges, Magistrate Judges, and Magistrates"
assistant clinical psychologist,59,unmatched_after_fuzzy,,
jewellery polisher,59,fuzzy,51-9022.00,"Grinding and Polishing Workers, Hand"
clinical trial assistant,59,fuzzy,31-9092.00,Medical Assistants
news anchor,59,exact_or_alias,27-3011.00,Broadcast Announcers and Radio Disc Jockeys
"textile, leather and footwear researcher",59,unmatched_after_fuzzy,,
jewellery designer,59,fuzzy,27-1022.00,Fashion Designers
car leasing agent,58,fuzzy,41-9022.00,Real Estate Sales Agents
chemical metallurgist,58,fuzzy,17-2131.00,Materials Engineers
electrical equipment production supervisor,58,unmatched_after_fuzzy,,
tyre fitter,58,unmatched_after_fuzzy,,
leather goods finishing operator,58,unmatched_after_fuzzy,,
geographic information systems specialist,58,fuzzy,15-1299.02,Geographic Information Systems Technologists and Technicians
music therapist,57,exact_or_alias,29-1129.02,Music Therapists
imagesetter,57,unmatched_after_fuzzy,,
land-based machinery technician,57,unmatched_after_fuzzy,,
mineral crushing operator,57,unmatched_after_fuzzy,,
aerospace engineering technician,57,fuzzy,17-3024.00,Electro-Mechanical and Mechatronics Technologists and Technicians
venue programmer,56,fuzzy,15-1251.00,Computer Programmers
milliner,56,exact_or_alias,51-6099.00,"Textile, Apparel, and Furnishings Workers, All Other"
business coach,56,unmatched_after_fuzzy,,
chief technology officer,56,fuzzy,11-1011.00,Chief Executives
roughneck,56,exact_or_alias,47-5081.00,Helpers--Extraction Workers
dismantling engineer,55,unmatched_after_fuzzy,,
mining geotechnical engineer,55,fuzzy,17-2051.00,Civil Engineers
first aid instructor,54,exact_or_alias,25-3021.00,Self-Enrichment Teachers
air traffic controller,53,fuzzy,53-2021.00,Air Traffic Controllers
headteacher,53,fuzzy,25-2051.00,"Special Education Teachers, Preschool"
tennis coach,52,exact_or_alias,27-2022.00,Coaches and Scouts
electronics engineering technician,52,exact_or_alias,17-3023.00,Electrical and Electronic Engineering Technologists and Technicians
cultural policy officer,52,fuzzy,33-3051.00,Police and Sheriff's Patrol Officers
prosecutor,52,exact_or_alias,23-1011.00,Lawyers
cabin crew manager,51,unmatched_after_fuzzy,,
music director,51,exact_or_alias,27-2041.00,Music Directors and Composers
patent engineer,51,exact_or_alias,17-2199.06,Microsystems Engineers
dairy products maker,51,unmatched_after_fuzzy,,
precision mechanics supervisor,51,unmatched_after_fuzzy,,
aircraft engine assembler,50,exact_or_alias,51-2031.00,Engine and Other Machine Assemblers
medical laboratory assistant,49,exact_or_alias,29-2012.00,Medical and Clinical Laboratory Technicians
footwear production supervisor,49,fuzzy,35-1012.00,First-Line Supervisors of Food Preparation and Serving Workers
medical device assembler,49,exact_or_alias,51-9082.00,Medical Appliance Technicians
forwarding manager,49,fuzzy,11-3131.00,Training and Development Managers
anthropologist,48,exact_or_alias,19-3091.00,Anthropologists and Archeologists
insurance underwriter,48,exact_or_alias,13-2053.00,Insurance Underwriters
customs officer,48,exact_or_alias,33-3051.04,Customs and Border Protection Officers
transport engineer,48,fuzzy,17-2051.01,Transportation Engineers
ornamental metal worker,47,exact_or_alias,47-2221.00,Structural Iron and Steel Workers
special-interest groups' official,47,unmatched_after_fuzzy,,
automation engineering technician,47,exact_or_alias,17-3024.01,Robotics Technicians
legal assistant,47,exact_or_alias,23-2011.00,Paralegals and Legal Assistants
court bailiff,47,exact_or_alias,33-3011.00,Bailiffs
malt house supervisor,46,exact_or_alias,51-1011.00,First-Line Supervisors of Production and Operating Workers
police detective,46,exact_or_alias,33-3021.00,Detectives and Criminal Investigators
equine yard manager,45,unmatched_after_fuzzy,,
consumer rights advisor,45,unmatched_after_fuzzy,,
screen making technician,45,exact_or_alias,51-5112.00,Printing Press Operators
housekeeping supervisor,45,exact_or_alias,37-1011.00,First-Line Supervisors of Housekeeping and Janitorial Workers
specialist dentist,45,unmatched_after_fuzzy,,
ship captain,43,exact_or_alias,53-5021.00,"Captains, Mates, and Pilots of Water Vessels"
drug and alcohol addiction counsellor,43,unmatched_after_fuzzy,,
textile machinery technician,43,unmatched_after_fuzzy,,
robotics engineering technician,43,fuzzy,17-3029.00,"Engineering Technologists and Technicians, Except Drafters, All Other"
intellectual property consultant,43,unmatched_after_fuzzy,,
mobility services manager,43,fuzzy,11-9151.00,Social and Community Service Managers
literary scholar,43,unmatched_after_fuzzy,,
leather laboratory technician,43,fuzzy,19-4012.00,Agricultural Technicians
chimney sweep supervisor,43,unmatched_after_fuzzy,,
integration engineer,42,exact_or_alias,15-1299.07,Blockchain Engineers
jeweller,42,fuzzy,51-9071.00,Jewelers and Precious Stone and Metal Workers
digital marketing manager,42,exact_or_alias,11-2021.00,Marketing Managers
waste management officer,42,fuzzy,33-2022.00,Forest Fire Inspectors and Prevention Specialists
specialist chiropractor,41,unmatched_after_fuzzy,,
mine development engineer,41,exact_or_alias,17-2151.00,"Mining and Geological Engineers, Including Mining Safety Engineers"
museum director,41,fuzzy,27-2041.00,Music Directors and Composers
relocation officer,41,fuzzy,13-1041.00,Compliance Officers
ICT application configurator,41,unmatched_after_fuzzy,,
ICT business development manager,41,fuzzy,11-2021.00,Marketing Managers
pharmaceutical engineer,40,exact_or_alias,17-2031.00,Bioengineers and Biomedical Engineers
boilermaker,40,exact_or_alias,47-2011.00,Boilermakers
e-learning developer,40,unmatched_after_fuzzy,,
art restorer,39,fuzzy,51-9071.00,Jewelers and Precious Stone and Metal Workers
construction general contractor,39,unmatched_after_fuzzy,,
musical conductor,38,unmatched_after_fuzzy,,
hospitality revenue manager,38,fuzzy,11-9051.00,Food Service Managers
meteorologist,38,exact_or_alias,19-2021.00,Atmospheric and Space Scientists
venture capitalist,38,unmatched_after_fuzzy,,
marine engineer,37,exact_or_alias,17-2121.00,Marine Engineers and Naval Architects
public affairs consultant,37,unmatched_after_fuzzy,,
wood assembly supervisor,37,fuzzy,51-1011.00,First-Line Supervisors of Production and Operating Workers
glass-blower,37,exact_or_alias,51-9195.00,"Molders, Shapers, and Casters, Except Metal and Plastic"
shipwright,36,exact_or_alias,47-2031.00,Carpenters
metal nibbling operator,36,unmatched_after_fuzzy,,
paper machine operator,36,exact_or_alias,51-9196.00,"Paper Goods Machine Setters, Operators, and Tenders"
punch press operator,36,exact_or_alias,51-4031.00,"Cutting, Punching, and Press Machine Setters, Operators, and Tenders, Metal and Plastic"
ICT help desk manager,36,unmatched_after_fuzzy,,
automotive brake technician,36,fuzzy,49-2096.00,"Electronic Equipment Installers and Repairers, Motor Vehicles"
ICT documentation manager,35,unmatched_after_fuzzy,,
bus route supervisor,35,fuzzy,43-1011.00,First-Line Supervisors of Office and Administrative Support Workers
missionary,35,exact_or_alias,21-1019.00,"Counselors, All Other"
train conductor,34,exact_or_alias,53-4031.00,Railroad Conductors and Yardmasters
stage manager,34,exact_or_alias,27-2012.00,Producers and Directors
electronics engineer,33,exact_or_alias,17-2061.00,Computer Hardware Engineers
geophysicist,32,exact_or_alias,19-2042.00,"Geoscientists, Except Hydrologists and Geographers"
material testing technician,32,fuzzy,19-4043.00,"Geological Technicians, Except Hydrologic Technicians"
pipeline maintenance worker,32,fuzzy,47-4061.00,Rail-Track Laying and Maintenance Equipment Operators
digital transformation manager,32,unmatched_after_fuzzy,,
digital literacy teacher,32,fuzzy,25-3011.00,"Adult Basic Education, Adult Secondary Education, and English as a Second Language Instructors"
health and safety officer,32,fuzzy,17-2111.00,"Health and Safety Engineers, Except Mining Safety Engineers and Inspectors"
clinical coder,32,unmatched_after_fuzzy,,
packing machinery engineer,32,fuzzy,47-2073.00,Operating Engineers and Other Construction Equipment Operators
precision engineer,32,fuzzy,17-2071.00,Electrical Engineers
marine surveyor,31,exact_or_alias,17-2121.00,Marine Engineers and Naval Architects
cultural centre director,31,unmatched_after_fuzzy,,
horticulture production team leader,30,unmatched_after_fuzzy,,
machinery assembly coordinator,30,unmatched_after_fuzzy,,
microsystem engineering technician,30,fuzzy,17-3022.00,Civil Engineering Technologists and Technicians
equality and inclusion manager,30,unmatched_after_fuzzy,,
astronomer,30,exact_or_alias,19-2011.00,Astronomers
court enforcement officer,30,fuzzy,33-9011.00,Animal Control Workers
care home worker,29,fuzzy,51-4193.00,"Plating Machine Setters, Operators, and Tenders, Metal and Plastic"
marine electrician,29,exact_or_alias,47-2111.00,Electricians
further education teacher,29,fuzzy,25-3021.00,Self-Enrichment Teachers
glass beveller,29,fuzzy,51-9022.00,"Grinding and Polishing Workers, Hand"
construction equipment technician,29,fuzzy,49-3042.00,"Mobile Heavy Equipment Mechanics, Except Engines"
farrier,28,exact_or_alias,39-2021.00,Animal Caretakers
rail logistics coordinator,28,fuzzy,11-3071.00,"Transportation, Storage, and Distribution Managers"
ICT change and configuration manager,28,unmatched_after_fuzzy,,
waste treatment engineer,28,fuzzy,17-2051.02,Water/Wastewater Engineers
avionics technician,28,fuzzy,49-2091.00,Avionics Technicians
personal property appraiser,28,exact_or_alias,13-2022.00,Appraisers of Personal and Business Property
ship duty engineer,27,fuzzy,53-5031.00,Ship Engineers
decorative painter,27,fuzzy,47-2161.00,Plasterers and Stucco Masons
microelectronics engineering technician,27,fuzzy,17-3023.00,Electrical and Electronic Engineering Technologists and Technicians
philosopher,27,unmatched_after_fuzzy,,
tourism policy director,27,unmatched_after_fuzzy,,
casting mould maker,27,fuzzy,51-4072.00,"Molding, Coremaking, and Casting Machine Setters, Operators, and Tenders, Metal and Plastic"
ICT system tester,26,fuzzy,15-1253.00,Software Quality Assurance Analysts and Testers
medical transcriptionist,26,exact_or_alias,31-9094.00,Medical Transcriptionists
dance therapist,26,exact_or_alias,29-1125.00,Recreational Therapists
tunnel boring machine operator,25,fuzzy,47-5023.00,"Earth Drillers, Except Oil and Gas"
pottery and porcelain caster,25,fuzzy,51-9123.00,"Painting, Coating, and Decorating Workers"
air traffic manager,25,exact_or_alias,53-2021.00,Air Traffic Controllers
ICT network administrator,25,fuzzy,15-1244.00,Network and Computer Systems Administrators
environmental programme coordinator,25,fuzzy,17-2081.00,Environmental Engineers
golf instructor,25,exact_or_alias,27-2022.00,Coaches and Scouts
distillery supervisor,24,exact_or_alias,45-1011.00,"First-Line Supervisors of Farming, Fishing, and Forestry Workers"
geology technician,24,exact_or_alias,19-4043.00,"Geological Technicians, Except Hydrologic Technicians"
kiln firer,24,exact_or_alias,51-3091.00,"Food and Tobacco Roasting, Baking, and Drying Machine Operators and Tenders"
marine chief engineer,24,fuzzy,17-2121.00,Marine Engineers and Naval Architects
dental hygienist,23,exact_or_alias,29-1292.00,Dental Hygienists
marine biologist,23,exact_or_alias,19-1023.00,Zoologists and Wildlife Biologists
road construction supervisor,23,fuzzy,47-1011.00,First-Line Supervisors of Construction Trades and Extraction Workers
anaesthetic technician,23,fuzzy,29-1071.01,Anesthesiologist Assistants
metallurgical manager,23,fuzzy,17-2131.00,Materials Engineers
foreclosure specialist,23,exact_or_alias,23-2093.00,"Title Examiners, Abstractors, and Searchers"
gunsmith,22,exact_or_alias,49-9099.00,"Installation, Maintenance, and Repair Workers, All Other"
twisting machine operator,22,exact_or_alias,51-4199.00,"Metal Workers and Plastic Workers, All Other"
optical technician,22,exact_or_alias,29-2081.00,"Opticians, Dispensing"
youth worker,22,exact_or_alias,39-9032.00,Recreation Workers
metal engraver,22,exact_or_alias,51-9071.00,Jewelers and Precious Stone and Metal Workers
bicycle mechanic,22,exact_or_alias,49-3091.00,Bicycle Repairers
health psychologist,22,exact_or_alias,19-3033.00,Clinical and Counseling Psychologists
biophysicist,21,exact_or_alias,19-1021.00,Biochemists and Biophysicists
ship pilot dispatcher,21,exact_or_alias,43-5032.00,"Dispatchers, Except Police, Fire, and Ambulance"
accounting manager,21,exact_or_alias,11-3031.00,Financial Managers
taxidermist,21,exact_or_alias,27-1012.00,Craft Artists
laser marking machine operator,21,fuzzy,51-9191.00,Adhesive Bonding Machine Operators and Tenders
fruit and vegetable canner,20,fuzzy,35-2021.00,Food Preparation Workers
embroiderer,20,exact_or_alias,51-6031.00,Sewing Machine Operators
aircraft pilot,20,exact_or_alias,53-2011.00,"Airline Pilots, Copilots, and Flight Engineers"
plastic and rubber products manufacturing supervisor,20,unmatched_after_fuzzy,,
deck officer,20,exact_or_alias,53-5021.00,"Captains, Mates, and Pilots of Water Vessels"
glass installation supervisor,20,fuzzy,47-1011.03,Solar Energy Installation Managers
stamping press operator,20,exact_or_alias,51-4031.00,"Cutting, Punching, and Press Machine Setters, Operators, and Tenders, Metal and Plastic"
corrosion technician,19,exact_or_alias,49-2095.00,"Electrical and Electronics Repairers, Powerhouse, Substation, and Relay"
microelectronics engineer,19,exact_or_alias,17-2199.06,Microsystems Engineers
surgical instrument maker,19,exact_or_alias,51-9082.00,Medical Appliance Technicians
rescue centre manager,19,unmatched_after_fuzzy,,
pipeline compliance coordinator,19,fuzzy,11-9199.02,Compliance Managers
woodcarver,19,fuzzy,51-7031.00,"Model Makers, Wood"
criminal investigator,19,exact_or_alias,33-3021.00,Detectives and Criminal Investigators
forestry technician,18,fuzzy,19-4071.00,Forest and Conservation Technicians
screen printer,18,exact_or_alias,51-5112.00,Printing Press Operators
puppeteer,18,exact_or_alias,27-2011.00,Actors
horticulture worker,18,exact_or_alias,37-3011.00,Landscaping and Groundskeeping Workers
canvas goods assembler,18,unmatched_after_fuzzy,,
frame maker,18,exact_or_alias,51-2099.00,"Assemblers and Fabricators, All Other"
wind musical instrument maker,18,fuzzy,51-9195.00,"Molders, Shapers, and Casters, Except Metal and Plastic"
brewmaster,18,exact_or_alias,51-9012.00,"Separating, Filtering, Clarifying, Precipitating, and Still Machine Setters, Operators, and Tenders"
book publisher,17,unmatched_after_fuzzy,,
vehicle restoration technician,17,fuzzy,25-4013.00,Museum Technicians and Conservators
drill operator,17,exact_or_alias,47-5012.00,"Rotary Drill Operators, Oil and Gas"
clinical informatics manager,17,exact_or_alias,15-2051.02,Clinical Data Managers
plastic rolling machine operator,17,fuzzy,51-4032.00,"Drilling and Boring Machine Tool Setters, Operators, and Tenders, Metal and Plastic"
colour sampling technician,17,unmatched_after_fuzzy,,
precious stone cutter,17,unmatched_after_fuzzy,,
prompter,16,exact_or_alias,27-2099.00,"Entertainers and Performers, Sports and Related Workers, All Other"
animal facility manager,16,fuzzy,11-9013.00,"Farmers, Ranchers, and Other Agricultural Managers"
mountain guide,16,exact_or_alias,39-7011.00,Tour Guides and Escorts
specialist biomedical scientist,16,unmatched_after_fuzzy,,
injection moulding operator,16,fuzzy,51-4022.00,"Forging Machine Setters, Operators, and Tenders, Metal and Plastic"
hydrologist,16,exact_or_alias,19-2043.00,Hydrologists
computer hardware test technician,16,unmatched_after_fuzzy,,
video artist,16,unmatched_after_fuzzy,,
clinical perfusion scientist,16,unmatched_after_fuzzy,,
technical director,16,exact_or_alias,11-3021.00,Computer and Information Systems Managers
building information modelling consultant,15,unmatched_after_fuzzy,,
packaging production manager,15,fuzzy,11-1021.00,General and Operations Managers
specialist pharmacist,15,unmatched_after_fuzzy,,
surface miner,15,fuzzy,51-4033.00,"Grinding, Lapping, Polishing, and Buffing Machine Tool Setters, Operators, and Tenders, Metal and Plastic"
ATM repair technician,15,fuzzy,49-9064.00,Watch and Clock Repairers
process engineering technician,14,fuzzy,17-3026.01,Nanotechnology Engineering Technologists and Technicians
textile sourcing merchandiser,14,unmatched_after_fuzzy,,
airport director,14,fuzzy,27-1011.00,Art Directors
rail operations manager,14,fuzzy,11-3071.00,"Transportation, Storage, and Distribution Managers"
pharmacologist,14,exact_or_alias,19-1042.00,"Medical Scientists, Except Epidemiologists"
aircraft engine tester,14,fuzzy,17-2011.00,Aerospace Engineers
textile operations manager,14,fuzzy,11-9081.00,Lodging Managers
cytotechnologist,14,exact_or_alias,29-2011.02,Cytotechnologists
woodturner,14,fuzzy,51-7042.00,"Woodworking Machine Setters, Operators, and Tenders, Except Sawing"
rail traffic controller,14,fuzzy,53-2021.00,Air Traffic Controllers
fisheries boatman,13,unmatched_after_fuzzy,,
critic,13,exact_or_alias,27-3023.00,"News Analysts, Reporters, and Journalists"
audio production technician,13,fuzzy,17-3026.00,Industrial Engineering Technologists and Technicians
acoustical engineer,13,exact_or_alias,27-4014.00,Sound Engineering Technicians
conveyance clerk,13,unmatched_after_fuzzy,,
assayer,13,exact_or_alias,19-4031.00,Chemical Technicians
game keeper,12,fuzzy,45-1011.00,"First-Line Supervisors of Farming, Fishing, and Forestry Workers"
groundsman/groundswoman,12,unmatched_after_fuzzy,,
demographer,12,exact_or_alias,15-2041.00,Statisticians
notary,12,unmatched_after_fuzzy,,
optometrist,12,exact_or_alias,29-1041.00,Optometrists
animator,12,exact_or_alias,27-1014.00,Special Effects Artists and Animators
flight instructor,12,exact_or_alias,25-1194.00,"Career/Technical Education Teachers, Postsecondary"
osteopath,12,exact_or_alias,29-1129.00,"Therapists, All Other"
nanoengineer,12,fuzzy,15-1241.00,Computer Network Architects
cattle pedicure,11,unmatched_after_fuzzy,,
photonics engineering technician,11,fuzzy,17-3029.08,Photonics Technicians
pump operator,11,exact_or_alias,53-6031.00,Automotive and Watercraft Service Attendants
youth centre manager,11,unmatched_after_fuzzy,,
print studio supervisor,11,unmatched_after_fuzzy,,
actuarial assistant,11,exact_or_alias,43-9111.00,Statistical Assistants
weight loss consultant,11,unmatched_after_fuzzy,,
criminologist,11,exact_or_alias,19-3041.00,Sociologists
dangerous goods safety adviser,11,unmatched_after_fuzzy,,
restaurant host/restaurant hostess,11,unmatched_after_fuzzy,,
wine fermenter,11,exact_or_alias,51-9023.00,"Mixing and Blending Machine Setters, Operators, and Tenders"
drawing artist,11,unmatched_after_fuzzy,,
music and video shop specialised seller,11,unmatched_after_fuzzy,,
metal additive manufacturing operator,11,unmatched_after_fuzzy,,
animal shelter worker,11,exact_or_alias,39-2021.00,Animal Caretakers
mineralogist,11,exact_or_alias,19-2042.00,"Geoscientists, Except Hydrologists and Geographers"
insurance fraud investigator,11,exact_or_alias,13-1031.00,"Claims Adjusters, Examiners, and Investigators"
animal assisted therapist,11,exact_or_alias,29-1129.00,"Therapists, All Other"
food production engineer,10,fuzzy,17-2112.00,Industrial Engineers
speechwriter,10,fuzzy,27-3031.00,Public Relations Specialists
3D printing technician,10,fuzzy,51-5111.00,Prepress Technicians and Workers
animal artificial insemination technician,10,unmatched_after_fuzzy,,
cartographer,10,exact_or_alias,17-1021.00,Cartographers and Photogrammetrists
communication infrastructure maintainer,10,unmatched_after_fuzzy,,
helicopter pilot,10,exact_or_alias,53-2011.00,"Airline Pilots, Copilots, and Flight Engineers"
composer,10,exact_or_alias,27-2041.00,Music Directors and Composers
aircraft assembler,10,fuzzy,51-2011.00,"Aircraft Structure, Surfaces, Rigging, and Systems Assemblers"
metal rolling mill operator,10,fuzzy,51-4032.00,"Drilling and Boring Machine Tool Setters, Operators, and Tenders, Metal and Plastic"
set designer,10,exact_or_alias,27-1027.00,Set and Exhibit Designers
"agriculture, forestry and fishery vocational teacher",10,unmatched_after_fuzzy,,
radiation therapist,10,fuzzy,29-1124.00,Radiation Therapists
ICT information and knowledge manager,10,unmatched_after_fuzzy,,
corporate social responsibility manager,9,unmatched_after_fuzzy,,
yeast distiller,9,exact_or_alias,51-3093.00,Food Cooking Machine Operators and Tenders
scenery technician,9,fuzzy,49-9081.00,Wind Turbine Service Technicians
computer hardware engineering technician,9,fuzzy,17-3023.00,Electrical and Electronic Engineering Technologists and Technicians
piano maker,9,exact_or_alias,51-2099.00,"Assemblers and Fabricators, All Other"
embedded system designer,9,unmatched_after_fuzzy,,
ICT capacity planner,9,unmatched_after_fuzzy,,
tourist information centre manager,9,unmatched_after_fuzzy,,
case administrator,9,fuzzy,11-9141.00,"Property, Real Estate, and Community Association Managers"
glass painter,9,fuzzy,51-9123.00,"Painting, Coating, and Decorating Workers"
firefighter,9,exact_or_alias,33-2011.00,Firefighters
footwear assembly supervisor,9,fuzzy,51-1011.00,First-Line Supervisors of Production and Operating Workers
social counsellor,9,fuzzy,21-1011.00,Substance Abuse and Behavioral Disorder Counselors
sensor engineer,9,fuzzy,17-2199.11,Solar Energy Systems Engineers
auctioneer,9,exact_or_alias,41-9099.00,"Sales and Related Workers, All Other"
viticulture adviser,9,unmatched_after_fuzzy,,
animal welfare inspector,9,unmatched_after_fuzzy,,
crossing guard,8,exact_or_alias,33-9091.00,Crossing Guards and Flaggers
ICT consultant,8,fuzzy,15-1211.00,Computer Systems Analysts
candle maker,8,exact_or_alias,27-1012.00,Craft Artists
behavioural scientist,8,fuzzy,19-3039.00,"Psychologists, All Other"
photojournalist,8,exact_or_alias,27-4021.00,Photographers
optoelectronic engineering technician,8,fuzzy,17-3023.00,Electrical and Electronic Engineering Technologists and Technicians
model maker,8,exact_or_alias,51-4061.00,"Model Makers, Metal and Plastic"
public finance accountant,8,unmatched_after_fuzzy,,
paper engineer,8,fuzzy,51-7032.00,"Patternmakers, Wood"
jewellery mounter,8,unmatched_after_fuzzy,,
security consultant,8,exact_or_alias,13-1199.07,Security Management Specialists
biometrician,8,exact_or_alias,15-2041.00,Statisticians
utilities inspector,8,fuzzy,47-4011.00,Construction and Building Inspectors
orthoptist,8,exact_or_alias,29-1299.02,Orthoptists
sign language interpreter,8,exact_or_alias,27-3091.00,Interpreters and Translators
maritime pilot,8,exact_or_alias,53-5021.00,"Captains, Mates, and Pilots of Water Vessels"
violin maker,8,exact_or_alias,51-7011.00,Cabinetmakers and Bench Carpenters
welding inspector,8,exact_or_alias,51-9061.00,"Inspectors, Testers, Sorters, Samplers, and Weighers"
vineyard manager,8,fuzzy,53-1043.00,First-Line Supervisors of Material-Moving Machine and Vehicle Operators
optomechanical engineering technician,8,fuzzy,17-3022.00,Civil Engineering Technologists and Technicians
coffee taster,8,exact_or_alias,45-2041.00,"Graders and Sorters, Agricultural Products"
book restorer,7,fuzzy,25-4031.00,Library Technicians
ICT technician,7,fuzzy,49-2011.00,"Computer, Automated Teller, and Office Machine Repairers"
aircraft assembly supervisor,7,fuzzy,51-1011.00,First-Line Supervisors of Production and Operating Workers
animal feed nutritionist,7,fuzzy,19-1011.00,Animal Scientists
specialised veterinarian,7,unmatched_after_fuzzy,,
forestry adviser,7,fuzzy,19-4071.00,Forest and Conservation Technicians
social services manager,7,exact_or_alias,11-9151.00,Social and Community Service Managers
paper mill supervisor,7,exact_or_alias,51-1011.00,First-Line Supervisors of Production and Operating Workers
stone splitter,7,exact_or_alias,47-5051.00,"Rock Splitters, Quarry"
product quality inspector,7,fuzzy,11-3051.01,Quality Control Systems Managers
organ builder,7,exact_or_alias,51-2099.00,"Assemblers and Fabricators, All Other"
supply chain assistant,7,fuzzy,13-1081.00,Logisticians
hospitality entertainment manager,7,unmatched_after_fuzzy,,
candy machine operator,7,fuzzy,51-9199.00,"Production Workers, All Other"
pyrotechnician,7,exact_or_alias,27-2099.00,"Entertainers and Performers, Sports and Related Workers, All Other"
teacher of talented and gifted students,7,unmatched_after_fuzzy,,
silversmith,7,exact_or_alias,51-9071.00,Jewelers and Precious Stone and Metal Workers
software tester,7,exact_or_alias,15-1253.00,Software Quality Assurance Analysts and Testers
shipbroker,7,fuzzy,43-5011.00,Cargo and Freight Agents
tanner,6,fuzzy,53-7063.00,Machine Feeders and Offbearers
biogas technician,6,fuzzy,49-9012.00,"Control and Valve Installers and Repairers, Except Mechanical Door"
bee breeder,6,exact_or_alias,45-2021.00,Animal Breeders
brush maker,6,unmatched_after_fuzzy,,
musical instrument technician,6,fuzzy,49-9063.00,Musical Instrument Repairers and Tuners
rolling stock engineering technician,6,fuzzy,17-3027.00,Mechanical Engineering Technologists and Technicians
moulding machine technician,6,unmatched_after_fuzzy,,
dresser,6,exact_or_alias,39-3092.00,Costume Attendants
employment and vocational integration consultant,6,unmatched_after_fuzzy,,
rigger,6,exact_or_alias,49-9096.00,Riggers
waste management supervisor,6,fuzzy,45-1011.00,"First-Line Supervisors of Farming, Fishing, and Forestry Workers"
skipper,6,exact_or_alias,45-3031.00,Fishing and Hunting Workers
licensing manager,6,exact_or_alias,11-9199.02,Compliance Managers
blockchain developer,6,exact_or_alias,15-1299.07,Blockchain Engineers
pneumatic systems technician,6,fuzzy,15-1299.00,"Computer Occupations, All Other"
beauty salon manager,5,fuzzy,39-1022.00,First-Line Supervisors of Personal Service Workers
precision mechanic,5,fuzzy,49-3021.00,Automotive Body and Related Repairers
miller,5,exact_or_alias,51-4035.00,"Milling and Planing Machine Setters, Operators, and Tenders, Metal and Plastic"
cartoonist,5,exact_or_alias,27-1013.00,"Fine Artists, Including Painters, Sculptors, and Illustrators"
terrazzo setter supervisor,5,fuzzy,47-1011.00,First-Line Supervisors of Construction Trades and Extraction Workers
precious stone setter,5,unmatched_after_fuzzy,,
leather goods artisanal worker,5,unmatched_after_fuzzy,,
biomedical scientist,5,exact_or_alias,17-2031.00,Bioengineers and Biomedical Engineers
furniture carpets and lighting equipment distribution manager,5,unmatched_after_fuzzy,,
beauty salon attendant,5,unmatched_after_fuzzy,,
asphalt plant operator,5,exact_or_alias,47-2071.00,"Paving, Surfacing, and Tamping Equipment Operators"
head of workshop,5,unmatched_after_fuzzy,,
geneticist,5,exact_or_alias,19-1029.03,Geneticists
snowboard instructor,5,exact_or_alias,25-3021.00,Self-Enrichment Teachers
gerontology social worker,5,fuzzy,21-1022.00,Healthcare Social Workers
metal polisher,5,exact_or_alias,51-4033.00,"Grinding, Lapping, Polishing, and Buffing Machine Tool Setters, Operators, and Tenders, Metal and Plastic"
rail construction supervisor,5,fuzzy,47-1011.00,First-Line Supervisors of Construction Trades and Extraction Workers
aquaculture rearing technician,5,unmatched_after_fuzzy,,
biology technician,5,fuzzy,29-2012.00,Medical and Clinical Laboratory Technicians
financial analyst,4,exact_or_alias,13-2051.00,Financial and Investment Analysts
power plant manager,4,fuzzy,11-3051.04,Biomass Power Plant Managers
répétiteur,4,unmatched_after_fuzzy,,
plumbing supervisor,4,exact_or_alias,47-1011.00,First-Line Supervisors of Construction Trades and Extraction Workers
glass engraver,4,exact_or_alias,51-9194.00,Etchers and Engravers
autonomous driving specialist,4,unmatched_after_fuzzy,,
mine safety officer,4,fuzzy,33-9092.00,"Lifeguards, Ski Patrol, and Other Recreational Protective Service Workers"
actuarial consultant,4,exact_or_alias,15-2011.00,Actuaries
geological engineer,4,exact_or_alias,17-2151.00,"Mining and Geological Engineers, Including Mining Safety Engineers"
microelectronics smart manufacturing engineer,4,unmatched_after_fuzzy,,
microsystem engineer,4,fuzzy,17-2199.06,Microsystems Engineers
variety artist,4,unmatched_after_fuzzy,,
solar energy sales consultant,4,exact_or_alias,41-4011.07,Solar Sales Representatives and Assessors
stone polisher,4,exact_or_alias,51-4033.00,"Grinding, Lapping, Polishing, and Buffing Machine Tool Setters, Operators, and Tenders, Metal and Plastic"
ethical hacker,4,exact_or_alias,15-1299.04,Penetration Testers
insurance risk consultant,4,fuzzy,13-2052.00,Personal Financial Advisors
optical engineer,4,exact_or_alias,17-2199.00,"Engineers, All Other"
monitoring and evaluation officer,4,unmatched_after_fuzzy,,
renewable energy sales representative,4,unmatched_after_fuzzy,,
dairy products and edible oils distribution manager,4,unmatched_after_fuzzy,,
oceanographer,4,exact_or_alias,19-2042.00,"Geoscientists, Except Hydrologists and Geographers"
geothermal power plant operator,4,unmatched_after_fuzzy,,
smart home engineer,4,fuzzy,53-5031.00,Ship Engineers
production potter,4,exact_or_alias,51-9195.05,"Potters, Manufacturing"
social services policy officer,4,unmatched_after_fuzzy,,
insulation supervisor,4,exact_or_alias,47-1011.00,First-Line Supervisors of Construction Trades and Extraction Workers
air traffic safety technician,3,unmatched_after_fuzzy,,
substation engineer,3,exact_or_alias,17-2071.00,Electrical Engineers
ice-skating coach,3,exact_or_alias,27-2022.00,Coaches and Scouts
biochemical engineer,3,exact_or_alias,17-2031.00,Bioengineers and Biomedical Engineers
landfill supervisor,3,fuzzy,51-1011.00,First-Line Supervisors of Production and Operating Workers
conservator,3,exact_or_alias,25-4013.00,Museum Technicians and Conservators
fire prevention and protection engineer,3,fuzzy,17-2111.02,Fire-Prevention and Protection Engineers
dog breeder,3,exact_or_alias,45-2021.00,Animal Breeders
business and marketing vocational teacher,3,unmatched_after_fuzzy,,
textile pattern making machine operator,3,fuzzy,51-6099.00,"Textile, Apparel, and Furnishings Workers, All Other"
licensing officer,3,exact_or_alias,13-1041.00,Compliance Officers
toxicologist,3,exact_or_alias,19-1021.00,Biochemists and Biophysicists
food technician,3,fuzzy,51-4194.00,"Tool Grinders, Filers, and Sharpeners"
ceramic painter,3,exact_or_alias,51-9123.00,"Painting, Coating, and Decorating Workers"
basketmaker,3,fuzzy,51-7042.00,"Woodworking Machine Setters, Operators, and Tenders, Except Sawing"
rubber technologist,3,fuzzy,19-4021.00,Biological Technicians
leather goods hand cutting operator,3,unmatched_after_fuzzy,,
court clerk,3,exact_or_alias,43-4031.00,"Court, Municipal, and License Clerks"
dismantling supervisor,3,fuzzy,51-1011.00,First-Line Supervisors of Production and Operating Workers
oenologist,3,fuzzy,19-1012.00,Food Scientists and Technologists
meteorology technician,3,fuzzy,49-2093.00,"Electrical and Electronics Installers and Repairers, Transportation Equipment"
pilates teacher,3,fuzzy,25-3041.00,Tutors
mechanical forging press worker,3,unmatched_after_fuzzy,,
glass polisher,3,exact_or_alias,51-9022.00,"Grinding and Polishing Workers, Hand"
water plant technician,3,fuzzy,49-9099.01,Geothermal Technicians
coagulation operator,3,exact_or_alias,51-9012.00,"Separating, Filtering, Clarifying, Precipitating, and Still Machine Setters, Operators, and Tenders"
precision instrument assembler,3,fuzzy,51-4041.00,Machinists
animal physiotherapist,2,fuzzy,29-1129.00,"Therapists, All Other"
environmental protection manager,2,fuzzy,17-2081.00,Environmental Engineers
move manager,2,fuzzy,11-9081.00,Lodging Managers
guitar maker,2,exact_or_alias,27-1012.00,Craft Artists
surface engineer,2,fuzzy,17-2011.00,Aerospace Engineers
harpsichord maker,2,exact_or_alias,51-7011.00,Cabinetmakers and Bench Carpenters
stringed musical instrument maker,2,fuzzy,51-9195.00,"Molders, Shapers, and Casters, Except Metal and Plastic"
wastewater treatment operator,2,exact_or_alias,51-8031.00,Water and Wastewater Treatment Plant and System Operators
porcelain painter,2,unmatched_after_fuzzy,,
astrologer,2,exact_or_alias,27-2099.00,"Entertainers and Performers, Sports and Related Workers, All Other"
podcast producer,2,exact_or_alias,27-2012.00,Producers and Directors
wine sommelier,2,unmatched_after_fuzzy,,
epidemiologist,2,exact_or_alias,19-1041.00,Epidemiologists
fisheries master,2,fuzzy,45-1011.00,"First-Line Supervisors of Farming, Fishing, and Forestry Workers"
food biotechnologist,2,fuzzy,19-1012.00,Food Scientists and Technologists
gemmologist,2,fuzzy,13-2022.00,Appraisers of Personal and Business Property
mine mechanical engineer,2,fuzzy,17-2141.00,Mechanical Engineers
vessel assembly supervisor,2,fuzzy,47-1011.00,First-Line Supervisors of Construction Trades and Extraction Workers
bespoke footwear technician,2,unmatched_after_fuzzy,,
aerodynamics engineer,2,exact_or_alias,17-2011.00,Aerospace Engineers
respiratory therapy technician,2,fuzzy,29-2099.00,"Health Technologists and Technicians, All Other"
government planning inspector,2,unmatched_after_fuzzy,,
equipment engineer,2,exact_or_alias,17-2072.00,"Electronics Engineers, Except Computer"
animal feed operator,1,unmatched_after_fuzzy,,
international forwarding operations coordinator,1,unmatched_after_fuzzy,,
social care worker,1,fuzzy,43-4061.00,"Eligibility Interviewers, Government Programs"
banking products manager,1,fuzzy,11-2021.00,Marketing Managers
biomedical engineer,1,exact_or_alias,17-2031.00,Bioengineers and Biomedical Engineers
property appraiser,1,exact_or_alias,13-2022.00,Appraisers of Personal and Business Property
advanced physiotherapist,1,unmatched_after_fuzzy,,
manufacturing cost estimator,1,unmatched_after_fuzzy,,
homeopath,1,unmatched_after_fuzzy,,
jewellery engraver,1,fuzzy,51-9194.00,Etchers and Engravers
illustrator,1,exact_or_alias,27-1013.00,"Fine Artists, Including Painters, Sculptors, and Illustrators"
stunt performer,1,exact_or_alias,27-2011.00,Actors
desalination technician,1,fuzzy,51-9192.00,"Cleaning, Washing, and Metal Pickling Equipment Operators and Tenders"
enameller,1,fuzzy,51-9123.00,"Painting, Coating, and Decorating Workers"
performance artist,1,fuzzy,27-2031.00,Dancers
aquaculture environmental analyst,1,unmatched_after_fuzzy,,
venue director,1,fuzzy,11-1021.00,General and Operations Managers
personal trust officer,1,unmatched_after_fuzzy,,
IoT developer,1,fuzzy,15-1254.00,Web Developers
underwater construction supervisor,1,unmatched_after_fuzzy,,
optical instrument production supervisor,1,fuzzy,51-1011.00,First-Line Supervisors of Production and Operating Workers
digital games developer,1,unmatched_after_fuzzy,,
maritime instructor,1,fuzzy,25-1121.00,"Art, Drama, and Music Teachers, Postsecondary"
cooper,1,exact_or_alias,47-2031.00,Carpenters
